id,company,tier,best,score,city,titles,google,linkedin
prof-4,Accenture Canada,A,Dinner,85,Toronto,Industry Marketing · Field Marketing · Brand Marketing · Business Development Director · Head of Marketing · Country Manager,https://www.google.com/search?q=site%3Alinkedin.com/in%20%22Accenture%20Canada%22%20%28%22Industry%20Marketing%22%20OR%20%22Field%20Marketing%22%20OR%20%22Brand%20Marketing%22%20OR%20%22Business%20Development%20Director%22%20OR%20%22Head%20of%20Marketing%22%20OR%20%22Country%20Manager%22%29%20%28Canada%20OR%20Toronto%20OR%20Ontario%29,https://www.linkedin.com/search/results/people/?keywords=%22Accenture%20Canada%22%20%22Industry%20Marketing%22%20OR%20%22Field%20Marketing%22%20OR%20%22Brand%20Marketing%22&origin=GLOBAL_SEARCH_HEADER
prof-5,BDO Canada,A,Dinner,85,Toronto,Industry Marketing · Field Marketing · Brand Marketing · Business Development Director · Head of Marketing · Country Manager,https://www.google.com/search?q=site%3Alinkedin.com/in%20%22BDO%20Canada%22%20%28%22Industry%20Marketing%22%20OR%20%22Field%20Marketing%22%20OR%20%22Brand%20Marketing%22%20OR%20%22Business%20Development%20Director%22%20OR%20%22Head%20of%20Marketing%22%20OR%20%22Country%20Manager%22%29%20%28Canada%20OR%20Toronto%20OR%20Ontario%29,https://www.linkedin.com/search/results/people/?keywords=%22BDO%20Canada%22%20%22Industry%20Marketing%22%20OR%20%22Field%20Marketing%22%20OR%20%22Brand%20Marketing%22&origin=GLOBAL_SEARCH_HEADER
law-4,Blakes,A,Dinner,85,Toronto,Industry Marketing · Field Marketing · Brand Marketing · Business Development Director · Head of Marketing · Country Manager,https://www.google.com/search?q=site%3Alinkedin.com/in%20%22Blakes%22%20%28%22Industry%20Marketing%22%20OR%20%22Field%20Marketing%22%20OR%20%22Brand%20Marketing%22%20OR%20%22Business%20Development%20Director%22%20OR%20%22Head%20of%20Marketing%22%20OR%20%22Country%20Manager%22%29%20%28Canada%20OR%20Toronto%20OR%20Ontario%29,https://www.linkedin.com/search/results/people/?keywords=%22Blakes%22%20%22Industry%20Marketing%22%20OR%20%22Field%20Marketing%22%20OR%20%22Brand%20Marketing%22&origin=GLOBAL_SEARCH_HEADER
law-7,Borden Ladner Gervais,A,Dinner,85,Toronto,Industry Marketing · Field Marketing · Brand Marketing · Business Development Director · Head of Marketing · Country Manager,https://www.google.com/search?q=site%3Alinkedin.com/in%20%22Borden%20Ladner%20Gervais%22%20%28%22Industry%20Marketing%22%20OR%20%22Field%20Marketing%22%20OR%20%22Brand%20Marketing%22%20OR%20%22Business%20Development%20Director%22%20OR%20%22Head%20of%20Marketing%22%20OR%20%22Country%20Manager%22%29%20%28Canada%20OR%20Toronto%20OR%20Ontario%29,https://www.linkedin.com/search/results/people/?keywords=%22Borden%20Ladner%20Gervais%22%20%22Industry%20Marketing%22%20OR%20%22Field%20Marketing%22%20OR%20%22Brand%20Marketing%22&origin=GLOBAL_SEARCH_HEADER
prof-0,Deloitte Canada,A,Dinner,85,Toronto,Industry Marketing · Field Marketing · Brand Marketing · Business Development Director · Head of Marketing · Country Manager,https://www.google.com/search?q=site%3Alinkedin.com/in%20%22Deloitte%20Canada%22%20%28%22Industry%20Marketing%22%20OR%20%22Field%20Marketing%22%20OR%20%22Brand%20Marketing%22%20OR%20%22Business%20Development%20Director%22%20OR%20%22Head%20of%20Marketing%22%20OR%20%22Country%20Manager%22%29%20%28Canada%20OR%20Toronto%20OR%20Ontario%29,https://www.linkedin.com/search/results/people/?keywords=%22Deloitte%20Canada%22%20%22Industry%20Marketing%22%20OR%20%22Field%20Marketing%22%20OR%20%22Brand%20Marketing%22&origin=GLOBAL_SEARCH_HEADER
prof-1,EY Canada,A,Dinner,85,Toronto,Industry Marketing · Field Marketing · Brand Marketing · Business Development Director · Head of Marketing · Country Manager,https://www.google.com/search?q=site%3Alinkedin.com/in%20%22EY%20Canada%22%20%28%22Industry%20Marketing%22%20OR%20%22Field%20Marketing%22%20OR%20%22Brand%20Marketing%22%20OR%20%22Business%20Development%20Director%22%20OR%20%22Head%20of%20Marketing%22%20OR%20%22Country%20Manager%22%29%20%28Canada%20OR%20Toronto%20OR%20Ontario%29,https://www.linkedin.com/search/results/people/?keywords=%22EY%20Canada%22%20%22Industry%20Marketing%22%20OR%20%22Field%20Marketing%22%20OR%20%22Brand%20Marketing%22&origin=GLOBAL_SEARCH_HEADER
rehab-1,Embodia,A,Meetup,85,Toronto,Head of Growth · Demand Generation · Growth Marketing · Field Marketing · Event Marketing · Community Manager · Partnerships Manager,https://www.google.com/search?q=site%3Alinkedin.com/in%20%22Embodia%22%20%28%22Head%20of%20Growth%22%20OR%20%22Demand%20Generation%22%20OR%20%22Growth%20Marketing%22%20OR%20%22Field%20Marketing%22%20OR%20%22Event%20Marketing%22%20OR%20%22Community%20Manager%22%20OR%20%22Partnerships%20Manager%22%29%20%28Canada%20OR%20Toronto%20OR%20Ontario%29,https://www.linkedin.com/search/results/people/?keywords=%22Embodia%22%20%22Head%20of%20Growth%22%20OR%20%22Demand%20Generation%22%20OR%20%22Growth%20Marketing%22&origin=GLOBAL_SEARCH_HEADER
law-2,Fasken,A,Dinner,85,Toronto,Industry Marketing · Field Marketing · Brand Marketing · Business Development Director · Head of Marketing · Country Manager,https://www.google.com/search?q=site%3Alinkedin.com/in%20%22Fasken%22%20%28%22Industry%20Marketing%22%20OR%20%22Field%20Marketing%22%20OR%20%22Brand%20Marketing%22%20OR%20%22Business%20Development%20Director%22%20OR%20%22Head%20of%20Marketing%22%20OR%20%22Country%20Manager%22%29%20%28Canada%20OR%20Toronto%20OR%20Ontario%29,https://www.linkedin.com/search/results/people/?keywords=%22Fasken%22%20%22Industry%20Marketing%22%20OR%20%22Field%20Marketing%22%20OR%20%22Brand%20Marketing%22&origin=GLOBAL_SEARCH_HEADER
law-5,Gowling WLG,A,Dinner,85,Toronto,Industry Marketing · Field Marketing · Brand Marketing · Business Development Director · Head of Marketing · Country Manager,https://www.google.com/search?q=site%3Alinkedin.com/in%20%22Gowling%20WLG%22%20%28%22Industry%20Marketing%22%20OR%20%22Field%20Marketing%22%20OR%20%22Brand%20Marketing%22%20OR%20%22Business%20Development%20Director%22%20OR%20%22Head%20of%20Marketing%22%20OR%20%22Country%20Manager%22%29%20%28Canada%20OR%20Toronto%20OR%20Ontario%29,https://www.linkedin.com/search/results/people/?keywords=%22Gowling%20WLG%22%20%22Industry%20Marketing%22%20OR%20%22Field%20Marketing%22%20OR%20%22Brand%20Marketing%22&origin=GLOBAL_SEARCH_HEADER
prof-6,Grant Thornton Canada,A,Dinner,85,Toronto,Industry Marketing · Field Marketing · Brand Marketing · Business Development Director · Head of Marketing · Country Manager,https://www.google.com/search?q=site%3Alinkedin.com/in%20%22Grant%20Thornton%20Canada%22%20%28%22Industry%20Marketing%22%20OR%20%22Field%20Marketing%22%20OR%20%22Brand%20Marketing%22%20OR%20%22Business%20Development%20Director%22%20OR%20%22Head%20of%20Marketing%22%20OR%20%22Country%20Manager%22%29%20%28Canada%20OR%20Toronto%20OR%20Ontario%29,https://www.linkedin.com/search/results/people/?keywords=%22Grant%20Thornton%20Canada%22%20%22Industry%20Marketing%22%20OR%20%22Field%20Marketing%22%20OR%20%22Brand%20Marketing%22&origin=GLOBAL_SEARCH_HEADER
prof-3,KPMG Canada,A,Dinner,85,Toronto,Industry Marketing · Field Marketing · Brand Marketing · Business Development Director · Head of Marketing · Country Manager,https://www.google.com/search?q=site%3Alinkedin.com/in%20%22KPMG%20Canada%22%20%28%22Industry%20Marketing%22%20OR%20%22Field%20Marketing%22%20OR%20%22Brand%20Marketing%22%20OR%20%22Business%20Development%20Director%22%20OR%20%22Head%20of%20Marketing%22%20OR%20%22Country%20Manager%22%29%20%28Canada%20OR%20Toronto%20OR%20Ontario%29,https://www.linkedin.com/search/results/people/?keywords=%22KPMG%20Canada%22%20%22Industry%20Marketing%22%20OR%20%22Field%20Marketing%22%20OR%20%22Brand%20Marketing%22&origin=GLOBAL_SEARCH_HEADER
law-3,McCarthy Tetrault,A,Dinner,85,Toronto,Industry Marketing · Field Marketing · Brand Marketing · Business Development Director · Head of Marketing · Country Manager,https://www.google.com/search?q=site%3Alinkedin.com/in%20%22McCarthy%20Tetrault%22%20%28%22Industry%20Marketing%22%20OR%20%22Field%20Marketing%22%20OR%20%22Brand%20Marketing%22%20OR%20%22Business%20Development%20Director%22%20OR%20%22Head%20of%20Marketing%22%20OR%20%22Country%20Manager%22%29%20%28Canada%20OR%20Toronto%20OR%20Ontario%29,https://www.linkedin.com/search/results/people/?keywords=%22McCarthy%20Tetrault%22%20%22Industry%20Marketing%22%20OR%20%22Field%20Marketing%22%20OR%20%22Brand%20Marketing%22&origin=GLOBAL_SEARCH_HEADER
law-6,Norton Rose Fulbright,A,Dinner,85,Toronto,Industry Marketing · Field Marketing · Brand Marketing · Business Development Director · Head of Marketing · Country Manager,https://www.google.com/search?q=site%3Alinkedin.com/in%20%22Norton%20Rose%20Fulbright%22%20%28%22Industry%20Marketing%22%20OR%20%22Field%20Marketing%22%20OR%20%22Brand%20Marketing%22%20OR%20%22Business%20Development%20Director%22%20OR%20%22Head%20of%20Marketing%22%20OR%20%22Country%20Manager%22%29%20%28Canada%20OR%20Toronto%20OR%20Ontario%29,https://www.linkedin.com/search/results/people/?keywords=%22Norton%20Rose%20Fulbright%22%20%22Industry%20Marketing%22%20OR%20%22Field%20Marketing%22%20OR%20%22Brand%20Marketing%22&origin=GLOBAL_SEARCH_HEADER
law-0,Osler,A,Dinner,85,Toronto,Industry Marketing · Field Marketing · Brand Marketing · Business Development Director · Head of Marketing · Country Manager,https://www.google.com/search?q=site%3Alinkedin.com/in%20%22Osler%22%20%28%22Industry%20Marketing%22%20OR%20%22Field%20Marketing%22%20OR%20%22Brand%20Marketing%22%20OR%20%22Business%20Development%20Director%22%20OR%20%22Head%20of%20Marketing%22%20OR%20%22Country%20Manager%22%29%20%28Canada%20OR%20Toronto%20OR%20Ontario%29,https://www.linkedin.com/search/results/people/?keywords=%22Osler%22%20%22Industry%20Marketing%22%20OR%20%22Field%20Marketing%22%20OR%20%22Brand%20Marketing%22&origin=GLOBAL_SEARCH_HEADER
rehab-3,Owl Practice,A,Meetup,85,Toronto,Head of Growth · Demand Generation · Growth Marketing · Field Marketing · Event Marketing · Community Manager · Partnerships Manager,https://www.google.com/search?q=site%3Alinkedin.com/in%20%22Owl%20Practice%22%20%28%22Head%20of%20Growth%22%20OR%20%22Demand%20Generation%22%20OR%20%22Growth%20Marketing%22%20OR%20%22Field%20Marketing%22%20OR%20%22Event%20Marketing%22%20OR%20%22Community%20Manager%22%20OR%20%22Partnerships%20Manager%22%29%20%28Canada%20OR%20Toronto%20OR%20Ontario%29,https://www.linkedin.com/search/results/people/?keywords=%22Owl%20Practice%22%20%22Head%20of%20Growth%22%20OR%20%22Demand%20Generation%22%20OR%20%22Growth%20Marketing%22&origin=GLOBAL_SEARCH_HEADER
prof-2,PwC Canada,A,Dinner,85,Toronto,Industry Marketing · Field Marketing · Brand Marketing · Business Development Director · Head of Marketing · Country Manager,https://www.google.com/search?q=site%3Alinkedin.com/in%20%22PwC%20Canada%22%20%28%22Industry%20Marketing%22%20OR%20%22Field%20Marketing%22%20OR%20%22Brand%20Marketing%22%20OR%20%22Business%20Development%20Director%22%20OR%20%22Head%20of%20Marketing%22%20OR%20%22Country%20Manager%22%29%20%28Canada%20OR%20Toronto%20OR%20Ontario%29,https://www.linkedin.com/search/results/people/?keywords=%22PwC%20Canada%22%20%22Industry%20Marketing%22%20OR%20%22Field%20Marketing%22%20OR%20%22Brand%20Marketing%22&origin=GLOBAL_SEARCH_HEADER
law-1,Torys,A,Dinner,85,Toronto,Industry Marketing · Field Marketing · Brand Marketing · Business Development Director · Head of Marketing · Country Manager,https://www.google.com/search?q=site%3Alinkedin.com/in%20%22Torys%22%20%28%22Industry%20Marketing%22%20OR%20%22Field%20Marketing%22%20OR%20%22Brand%20Marketing%22%20OR%20%22Business%20Development%20Director%22%20OR%20%22Head%20of%20Marketing%22%20OR%20%22Country%20Manager%22%29%20%28Canada%20OR%20Toronto%20OR%20Ontario%29,https://www.linkedin.com/search/results/people/?keywords=%22Torys%22%20%22Industry%20Marketing%22%20OR%20%22Field%20Marketing%22%20OR%20%22Brand%20Marketing%22&origin=GLOBAL_SEARCH_HEADER
scaleup-12,Baylis Medical Technologies,A,Meetup,80,Mississauga,Head of Growth · Demand Generation · Growth Marketing · Field Marketing · Event Marketing · Community Manager · Partnerships Manager,https://www.google.com/search?q=site%3Alinkedin.com/in%20%22Baylis%20Medical%20Technologies%22%20%28%22Head%20of%20Growth%22%20OR%20%22Demand%20Generation%22%20OR%20%22Growth%20Marketing%22%20OR%20%22Field%20Marketing%22%20OR%20%22Event%20Marketing%22%20OR%20%22Community%20Manager%22%20OR%20%22Partnerships%20Manager%22%29%20%28Canada%20OR%20Toronto%20OR%20Ontario%29,https://www.linkedin.com/search/results/people/?keywords=%22Baylis%20Medical%20Technologies%22%20%22Head%20of%20Growth%22%20OR%20%22Demand%20Generation%22%20OR%20%22Growth%20Marketing%22&origin=GLOBAL_SEARCH_HEADER
scaleup-9,Cloud DX,A,Meetup,80,Kitchener,Founder · CEO · Head of Partnerships · Head of Growth · Demand Generation · Growth Marketing,https://www.google.com/search?q=site%3Alinkedin.com/in%20%22Cloud%20DX%22%20%28%22Founder%22%20OR%20%22CEO%22%20OR%20%22Head%20of%20Partnerships%22%20OR%20%22Head%20of%20Growth%22%20OR%20%22Demand%20Generation%22%20OR%20%22Growth%20Marketing%22%29%20%28Canada%20OR%20Toronto%20OR%20Ontario%29,https://www.linkedin.com/search/results/people/?keywords=%22Cloud%20DX%22%20%22Founder%22%20OR%20%22CEO%22%20OR%20%22Head%20of%20Partnerships%22&origin=GLOBAL_SEARCH_HEADER
scaleup-5,Greenspace Health,A,Meetup,80,Toronto,Founder · CEO · Head of Partnerships · Head of Growth · Demand Generation · Growth Marketing,https://www.google.com/search?q=site%3Alinkedin.com/in%20%22Greenspace%20Health%22%20%28%22Founder%22%20OR%20%22CEO%22%20OR%20%22Head%20of%20Partnerships%22%20OR%20%22Head%20of%20Growth%22%20OR%20%22Demand%20Generation%22%20OR%20%22Growth%20Marketing%22%29%20%28Canada%20OR%20Toronto%20OR%20Ontario%29,https://www.linkedin.com/search/results/people/?keywords=%22Greenspace%20Health%22%20%22Founder%22%20OR%20%22CEO%22%20OR%20%22Head%20of%20Partnerships%22&origin=GLOBAL_SEARCH_HEADER
scaleup-4,Kii Health,A,Meetup,80,Toronto,Head of Growth · Demand Generation · Growth Marketing · Field Marketing · Event Marketing · Community Manager · Partnerships Manager,https://www.google.com/search?q=site%3Alinkedin.com/in%20%22Kii%20Health%22%20%28%22Head%20of%20Growth%22%20OR%20%22Demand%20Generation%22%20OR%20%22Growth%20Marketing%22%20OR%20%22Field%20Marketing%22%20OR%20%22Event%20Marketing%22%20OR%20%22Community%20Manager%22%20OR%20%22Partnerships%20Manager%22%29%20%28Canada%20OR%20Toronto%20OR%20Ontario%29,https://www.linkedin.com/search/results/people/?keywords=%22Kii%20Health%22%20%22Head%20of%20Growth%22%20OR%20%22Demand%20Generation%22%20OR%20%22Growth%20Marketing%22&origin=GLOBAL_SEARCH_HEADER
scaleup-2,Maple,A,Meetup,80,Toronto,Head of Growth · Demand Generation · Growth Marketing · Field Marketing · Event Marketing · Community Manager · Partnerships Manager,https://www.google.com/search?q=site%3Alinkedin.com/in%20%22Maple%22%20%28%22Head%20of%20Growth%22%20OR%20%22Demand%20Generation%22%20OR%20%22Growth%20Marketing%22%20OR%20%22Field%20Marketing%22%20OR%20%22Event%20Marketing%22%20OR%20%22Community%20Manager%22%20OR%20%22Partnerships%20Manager%22%29%20%28Canada%20OR%20Toronto%20OR%20Ontario%29,https://www.linkedin.com/search/results/people/?keywords=%22Maple%22%20%22Head%20of%20Growth%22%20OR%20%22Demand%20Generation%22%20OR%20%22Growth%20Marketing%22&origin=GLOBAL_SEARCH_HEADER
scaleup-11,Myant,A,Meetup,80,Mississauga,Head of Growth · Demand Generation · Growth Marketing · Field Marketing · Event Marketing · Community Manager · Partnerships Manager,https://www.google.com/search?q=site%3Alinkedin.com/in%20%22Myant%22%20%28%22Head%20of%20Growth%22%20OR%20%22Demand%20Generation%22%20OR%20%22Growth%20Marketing%22%20OR%20%22Field%20Marketing%22%20OR%20%22Event%20Marketing%22%20OR%20%22Community%20Manager%22%20OR%20%22Partnerships%20Manager%22%29%20%28Canada%20OR%20Toronto%20OR%20Ontario%29,https://www.linkedin.com/search/results/people/?keywords=%22Myant%22%20%22Head%20of%20Growth%22%20OR%20%22Demand%20Generation%22%20OR%20%22Growth%20Marketing%22&origin=GLOBAL_SEARCH_HEADER
scaleup-10,Novari Health,A,Meetup,80,Kingston,Founder · CEO · Head of Partnerships · Head of Growth · Demand Generation · Growth Marketing,https://www.google.com/search?q=site%3Alinkedin.com/in%20%22Novari%20Health%22%20%28%22Founder%22%20OR%20%22CEO%22%20OR%20%22Head%20of%20Partnerships%22%20OR%20%22Head%20of%20Growth%22%20OR%20%22Demand%20Generation%22%20OR%20%22Growth%20Marketing%22%29%20%28Canada%20OR%20Toronto%20OR%20Ontario%29,https://www.linkedin.com/search/results/people/?keywords=%22Novari%20Health%22%20%22Founder%22%20OR%20%22CEO%22%20OR%20%22Head%20of%20Partnerships%22&origin=GLOBAL_SEARCH_HEADER
scaleup-3,Think Research,A,Meetup,80,Toronto,Head of Growth · Demand Generation · Growth Marketing · Field Marketing · Event Marketing · Community Manager · Partnerships Manager,https://www.google.com/search?q=site%3Alinkedin.com/in%20%22Think%20Research%22%20%28%22Head%20of%20Growth%22%20OR%20%22Demand%20Generation%22%20OR%20%22Growth%20Marketing%22%20OR%20%22Field%20Marketing%22%20OR%20%22Event%20Marketing%22%20OR%20%22Community%20Manager%22%20OR%20%22Partnerships%20Manager%22%29%20%28Canada%20OR%20Toronto%20OR%20Ontario%29,https://www.linkedin.com/search/results/people/?keywords=%22Think%20Research%22%20%22Head%20of%20Growth%22%20OR%20%22Demand%20Generation%22%20OR%20%22Growth%20Marketing%22&origin=GLOBAL_SEARCH_HEADER
fin-scotia,Scotiabank Healthcare+,A,Dinner,75,Toronto,Industry Marketing · Field Marketing · Brand Marketing · Business Development Director · Head of Marketing · Country Manager,https://www.google.com/search?q=site%3Alinkedin.com/in%20%22Scotiabank%20Healthcare%2B%22%20%28%22Industry%20Marketing%22%20OR%20%22Field%20Marketing%22%20OR%20%22Brand%20Marketing%22%20OR%20%22Business%20Development%20Director%22%20OR%20%22Head%20of%20Marketing%22%20OR%20%22Country%20Manager%22%29%20%28Canada%20OR%20Toronto%20OR%20Ontario%29,https://www.linkedin.com/search/results/people/?keywords=%22Scotiabank%20Healthcare%2B%22%20%22Industry%20Marketing%22%20OR%20%22Field%20Marketing%22%20OR%20%22Brand%20Marketing%22&origin=GLOBAL_SEARCH_HEADER
scaleup-6,AlayaCare,A,Meetup,70,Montreal,Head of Growth · Demand Generation · Growth Marketing · Field Marketing · Event Marketing · Community Manager · Partnerships Manager,https://www.google.com/search?q=site%3Alinkedin.com/in%20%22AlayaCare%22%20%28%22Head%20of%20Growth%22%20OR%20%22Demand%20Generation%22%20OR%20%22Growth%20Marketing%22%20OR%20%22Field%20Marketing%22%20OR%20%22Event%20Marketing%22%20OR%20%22Community%20Manager%22%20OR%20%22Partnerships%20Manager%22%29%20%28Canada%20OR%20Toronto%20OR%20Ontario%29,https://www.linkedin.com/search/results/people/?keywords=%22AlayaCare%22%20%22Head%20of%20Growth%22%20OR%20%22Demand%20Generation%22%20OR%20%22Growth%20Marketing%22&origin=GLOBAL_SEARCH_HEADER
dental-mfr-0,Align Technology Canada,A,Dinner,70,no CA office,Industry Marketing · Field Marketing · Brand Marketing · Business Development Director · Head of Marketing · Country Manager,https://www.google.com/search?q=site%3Alinkedin.com/in%20%22Align%20Technology%20Canada%22%20%28%22Industry%20Marketing%22%20OR%20%22Field%20Marketing%22%20OR%20%22Brand%20Marketing%22%20OR%20%22Business%20Development%20Director%22%20OR%20%22Head%20of%20Marketing%22%20OR%20%22Country%20Manager%22%29%20%28Canada%20OR%20Toronto%20OR%20Ontario%29,https://www.linkedin.com/search/results/people/?keywords=%22Align%20Technology%20Canada%22%20%22Industry%20Marketing%22%20OR%20%22Field%20Marketing%22%20OR%20%22Brand%20Marketing%22&origin=GLOBAL_SEARCH_HEADER
fin-1,BMO,A,Convening,70,Toronto,Healthcare Industry Lead · Head of Healthcare · Life Sciences · Field Marketing · Country Manager · General Manager · Strategic Partnerships,https://www.google.com/search?q=site%3Alinkedin.com/in%20%22BMO%22%20%28%22Healthcare%20Industry%20Lead%22%20OR%20%22Head%20of%20Healthcare%22%20OR%20%22Life%20Sciences%22%20OR%20%22Field%20Marketing%22%20OR%20%22Country%20Manager%22%20OR%20%22General%20Manager%22%20OR%20%22Strategic%20Partnerships%22%29%20%28Canada%20OR%20Toronto%20OR%20Ontario%29,https://www.linkedin.com/search/results/people/?keywords=%22BMO%22%20%22Healthcare%20Industry%20Lead%22%20OR%20%22Head%20of%20Healthcare%22%20OR%20%22Life%20Sciences%22&origin=GLOBAL_SEARCH_HEADER
fin-5,Baker Tilly,A,Convening,70,Toronto,Healthcare Industry Lead · Head of Healthcare · Life Sciences · Field Marketing · Country Manager · General Manager · Strategic Partnerships,https://www.google.com/search?q=site%3Alinkedin.com/in%20%22Baker%20Tilly%22%20%28%22Healthcare%20Industry%20Lead%22%20OR%20%22Head%20of%20Healthcare%22%20OR%20%22Life%20Sciences%22%20OR%20%22Field%20Marketing%22%20OR%20%22Country%20Manager%22%20OR%20%22General%20Manager%22%20OR%20%22Strategic%20Partnerships%22%29%20%28Canada%20OR%20Toronto%20OR%20Ontario%29,https://www.linkedin.com/search/results/people/?keywords=%22Baker%20Tilly%22%20%22Healthcare%20Industry%20Lead%22%20OR%20%22Head%20of%20Healthcare%22%20OR%20%22Life%20Sciences%22&origin=GLOBAL_SEARCH_HEADER
fin-6,CDSPI,A,Convening,70,Toronto,Healthcare Industry Lead · Head of Healthcare · Life Sciences · Field Marketing · Country Manager · General Manager · Strategic Partnerships,https://www.google.com/search?q=site%3Alinkedin.com/in%20%22CDSPI%22%20%28%22Healthcare%20Industry%20Lead%22%20OR%20%22Head%20of%20Healthcare%22%20OR%20%22Life%20Sciences%22%20OR%20%22Field%20Marketing%22%20OR%20%22Country%20Manager%22%20OR%20%22General%20Manager%22%20OR%20%22Strategic%20Partnerships%22%29%20%28Canada%20OR%20Toronto%20OR%20Ontario%29,https://www.linkedin.com/search/results/people/?keywords=%22CDSPI%22%20%22Healthcare%20Industry%20Lead%22%20OR%20%22Head%20of%20Healthcare%22%20OR%20%22Life%20Sciences%22&origin=GLOBAL_SEARCH_HEADER
fin-3,CIBC,A,Convening,70,Toronto,Healthcare Industry Lead · Head of Healthcare · Life Sciences · Field Marketing · Country Manager · General Manager · Strategic Partnerships,https://www.google.com/search?q=site%3Alinkedin.com/in%20%22CIBC%22%20%28%22Healthcare%20Industry%20Lead%22%20OR%20%22Head%20of%20Healthcare%22%20OR%20%22Life%20Sciences%22%20OR%20%22Field%20Marketing%22%20OR%20%22Country%20Manager%22%20OR%20%22General%20Manager%22%20OR%20%22Strategic%20Partnerships%22%29%20%28Canada%20OR%20Toronto%20OR%20Ontario%29,https://www.linkedin.com/search/results/people/?keywords=%22CIBC%22%20%22Healthcare%20Industry%20Lead%22%20OR%20%22Head%20of%20Healthcare%22%20OR%20%22Life%20Sciences%22&origin=GLOBAL_SEARCH_HEADER
dental-mfr-3,Dentsply Sirona Canada,A,Dinner,70,no CA office,Industry Marketing · Field Marketing · Brand Marketing · Business Development Director · Head of Marketing · Country Manager,https://www.google.com/search?q=site%3Alinkedin.com/in%20%22Dentsply%20Sirona%20Canada%22%20%28%22Industry%20Marketing%22%20OR%20%22Field%20Marketing%22%20OR%20%22Brand%20Marketing%22%20OR%20%22Business%20Development%20Director%22%20OR%20%22Head%20of%20Marketing%22%20OR%20%22Country%20Manager%22%29%20%28Canada%20OR%20Toronto%20OR%20Ontario%29,https://www.linkedin.com/search/results/people/?keywords=%22Dentsply%20Sirona%20Canada%22%20%22Industry%20Marketing%22%20OR%20%22Field%20Marketing%22%20OR%20%22Brand%20Marketing%22&origin=GLOBAL_SEARCH_HEADER
scaleup-7,Dialogue Health,A,Meetup,70,Montreal,Head of Growth · Demand Generation · Growth Marketing · Field Marketing · Event Marketing · Community Manager · Partnerships Manager,https://www.google.com/search?q=site%3Alinkedin.com/in%20%22Dialogue%20Health%22%20%28%22Head%20of%20Growth%22%20OR%20%22Demand%20Generation%22%20OR%20%22Growth%20Marketing%22%20OR%20%22Field%20Marketing%22%20OR%20%22Event%20Marketing%22%20OR%20%22Community%20Manager%22%20OR%20%22Partnerships%20Manager%22%29%20%28Canada%20OR%20Toronto%20OR%20Ontario%29,https://www.linkedin.com/search/results/people/?keywords=%22Dialogue%20Health%22%20%22Head%20of%20Growth%22%20OR%20%22Demand%20Generation%22%20OR%20%22Growth%20Marketing%22&origin=GLOBAL_SEARCH_HEADER
fin-9,Green Shield Canada,A,Convening,70,Toronto,Healthcare Industry Lead · Head of Healthcare · Life Sciences · Field Marketing · Country Manager · General Manager · Strategic Partnerships,https://www.google.com/search?q=site%3Alinkedin.com/in%20%22Green%20Shield%20Canada%22%20%28%22Healthcare%20Industry%20Lead%22%20OR%20%22Head%20of%20Healthcare%22%20OR%20%22Life%20Sciences%22%20OR%20%22Field%20Marketing%22%20OR%20%22Country%20Manager%22%20OR%20%22General%20Manager%22%20OR%20%22Strategic%20Partnerships%22%29%20%28Canada%20OR%20Toronto%20OR%20Ontario%29,https://www.linkedin.com/search/results/people/?keywords=%22Green%20Shield%20Canada%22%20%22Healthcare%20Industry%20Lead%22%20OR%20%22Head%20of%20Healthcare%22%20OR%20%22Life%20Sciences%22&origin=GLOBAL_SEARCH_HEADER
banner-0,Guardian / IDA / Remedy'sRx,A,Dinner,70,Ontario,Industry Marketing · Field Marketing · Brand Marketing · Business Development Director · Head of Marketing · Country Manager,https://www.google.com/search?q=site%3Alinkedin.com/in%20%22Guardian%20/%20IDA%20/%20Remedy%27sRx%22%20%28%22Industry%20Marketing%22%20OR%20%22Field%20Marketing%22%20OR%20%22Brand%20Marketing%22%20OR%20%22Business%20Development%20Director%22%20OR%20%22Head%20of%20Marketing%22%20OR%20%22Country%20Manager%22%29%20%28Canada%20OR%20Toronto%20OR%20Ontario%29,https://www.linkedin.com/search/results/people/?keywords=%22Guardian%20/%20IDA%20/%20Remedy%27sRx%22%20%22Industry%20Marketing%22%20OR%20%22Field%20Marketing%22%20OR%20%22Brand%20Marketing%22&origin=GLOBAL_SEARCH_HEADER
dental-mfr-4,Ivoclar,A,Dinner,70,no CA office,Industry Marketing · Field Marketing · Brand Marketing · Business Development Director · Head of Marketing · Country Manager,https://www.google.com/search?q=site%3Alinkedin.com/in%20%22Ivoclar%22%20%28%22Industry%20Marketing%22%20OR%20%22Field%20Marketing%22%20OR%20%22Brand%20Marketing%22%20OR%20%22Business%20Development%20Director%22%20OR%20%22Head%20of%20Marketing%22%20OR%20%22Country%20Manager%22%29%20%28Canada%20OR%20Toronto%20OR%20Ontario%29,https://www.linkedin.com/search/results/people/?keywords=%22Ivoclar%22%20%22Industry%20Marketing%22%20OR%20%22Field%20Marketing%22%20OR%20%22Brand%20Marketing%22&origin=GLOBAL_SEARCH_HEADER
scaleup-1,League,A,Meetup,70,Toronto,Head of Growth · Demand Generation · Growth Marketing · Field Marketing · Event Marketing · Community Manager · Partnerships Manager,https://www.google.com/search?q=site%3Alinkedin.com/in%20%22League%22%20%28%22Head%20of%20Growth%22%20OR%20%22Demand%20Generation%22%20OR%20%22Growth%20Marketing%22%20OR%20%22Field%20Marketing%22%20OR%20%22Event%20Marketing%22%20OR%20%22Community%20Manager%22%20OR%20%22Partnerships%20Manager%22%29%20%28Canada%20OR%20Toronto%20OR%20Ontario%29,https://www.linkedin.com/search/results/people/?keywords=%22League%22%20%22Head%20of%20Growth%22%20OR%20%22Demand%20Generation%22%20OR%20%22Growth%20Marketing%22&origin=GLOBAL_SEARCH_HEADER
fin-4,MNP professional practice,A,Convening,70,Toronto,Healthcare Industry Lead · Head of Healthcare · Life Sciences · Field Marketing · Country Manager · General Manager · Strategic Partnerships,https://www.google.com/search?q=site%3Alinkedin.com/in%20%22MNP%20professional%20practice%22%20%28%22Healthcare%20Industry%20Lead%22%20OR%20%22Head%20of%20Healthcare%22%20OR%20%22Life%20Sciences%22%20OR%20%22Field%20Marketing%22%20OR%20%22Country%20Manager%22%20OR%20%22General%20Manager%22%20OR%20%22Strategic%20Partnerships%22%29%20%28Canada%20OR%20Toronto%20OR%20Ontario%29,https://www.linkedin.com/search/results/people/?keywords=%22MNP%20professional%20practice%22%20%22Healthcare%20Industry%20Lead%22%20OR%20%22Head%20of%20Healthcare%22%20OR%20%22Life%20Sciences%22&origin=GLOBAL_SEARCH_HEADER
fin-8,Manulife,A,Convening,70,Toronto,Healthcare Industry Lead · Head of Healthcare · Life Sciences · Field Marketing · Country Manager · General Manager · Strategic Partnerships,https://www.google.com/search?q=site%3Alinkedin.com/in%20%22Manulife%22%20%28%22Healthcare%20Industry%20Lead%22%20OR%20%22Head%20of%20Healthcare%22%20OR%20%22Life%20Sciences%22%20OR%20%22Field%20Marketing%22%20OR%20%22Country%20Manager%22%20OR%20%22General%20Manager%22%20OR%20%22Strategic%20Partnerships%22%29%20%28Canada%20OR%20Toronto%20OR%20Ontario%29,https://www.linkedin.com/search/results/people/?keywords=%22Manulife%22%20%22Healthcare%20Industry%20Lead%22%20OR%20%22Head%20of%20Healthcare%22%20OR%20%22Life%20Sciences%22&origin=GLOBAL_SEARCH_HEADER
dental-mfr-2,Nobel Biocare,A,Dinner,70,no CA office,Industry Marketing · Field Marketing · Brand Marketing · Business Development Director · Head of Marketing · Country Manager,https://www.google.com/search?q=site%3Alinkedin.com/in%20%22Nobel%20Biocare%22%20%28%22Industry%20Marketing%22%20OR%20%22Field%20Marketing%22%20OR%20%22Brand%20Marketing%22%20OR%20%22Business%20Development%20Director%22%20OR%20%22Head%20of%20Marketing%22%20OR%20%22Country%20Manager%22%29%20%28Canada%20OR%20Toronto%20OR%20Ontario%29,https://www.linkedin.com/search/results/people/?keywords=%22Nobel%20Biocare%22%20%22Industry%20Marketing%22%20OR%20%22Field%20Marketing%22%20OR%20%22Brand%20Marketing%22&origin=GLOBAL_SEARCH_HEADER
rehab-2,Noterro,A,Meetup,70,no CA office,Head of Growth · Demand Generation · Growth Marketing · Field Marketing · Event Marketing · Community Manager · Partnerships Manager,https://www.google.com/search?q=site%3Alinkedin.com/in%20%22Noterro%22%20%28%22Head%20of%20Growth%22%20OR%20%22Demand%20Generation%22%20OR%20%22Growth%20Marketing%22%20OR%20%22Field%20Marketing%22%20OR%20%22Event%20Marketing%22%20OR%20%22Community%20Manager%22%20OR%20%22Partnerships%20Manager%22%29%20%28Canada%20OR%20Toronto%20OR%20Ontario%29,https://www.linkedin.com/search/results/people/?keywords=%22Noterro%22%20%22Head%20of%20Growth%22%20OR%20%22Demand%20Generation%22%20OR%20%22Growth%20Marketing%22&origin=GLOBAL_SEARCH_HEADER
banner-1,Pharmasave,A,Dinner,70,Ontario,Industry Marketing · Field Marketing · Brand Marketing · Business Development Director · Head of Marketing · Country Manager,https://www.google.com/search?q=site%3Alinkedin.com/in%20%22Pharmasave%22%20%28%22Industry%20Marketing%22%20OR%20%22Field%20Marketing%22%20OR%20%22Brand%20Marketing%22%20OR%20%22Business%20Development%20Director%22%20OR%20%22Head%20of%20Marketing%22%20OR%20%22Country%20Manager%22%29%20%28Canada%20OR%20Toronto%20OR%20Ontario%29,https://www.linkedin.com/search/results/people/?keywords=%22Pharmasave%22%20%22Industry%20Marketing%22%20OR%20%22Field%20Marketing%22%20OR%20%22Brand%20Marketing%22&origin=GLOBAL_SEARCH_HEADER
rehab-4,Practice Perfect,A,Meetup,70,no CA office,Head of Growth · Demand Generation · Growth Marketing · Field Marketing · Event Marketing · Community Manager · Partnerships Manager,https://www.google.com/search?q=site%3Alinkedin.com/in%20%22Practice%20Perfect%22%20%28%22Head%20of%20Growth%22%20OR%20%22Demand%20Generation%22%20OR%20%22Growth%20Marketing%22%20OR%20%22Field%20Marketing%22%20OR%20%22Event%20Marketing%22%20OR%20%22Community%20Manager%22%20OR%20%22Partnerships%20Manager%22%29%20%28Canada%20OR%20Toronto%20OR%20Ontario%29,https://www.linkedin.com/search/results/people/?keywords=%22Practice%20Perfect%22%20%22Head%20of%20Growth%22%20OR%20%22Demand%20Generation%22%20OR%20%22Growth%20Marketing%22&origin=GLOBAL_SEARCH_HEADER
fin-0,RBC Healthcare,A,Convening,70,Toronto,Healthcare Industry Lead · Head of Healthcare · Life Sciences · Field Marketing · Country Manager · General Manager · Strategic Partnerships,https://www.google.com/search?q=site%3Alinkedin.com/in%20%22RBC%20Healthcare%22%20%28%22Healthcare%20Industry%20Lead%22%20OR%20%22Head%20of%20Healthcare%22%20OR%20%22Life%20Sciences%22%20OR%20%22Field%20Marketing%22%20OR%20%22Country%20Manager%22%20OR%20%22General%20Manager%22%20OR%20%22Strategic%20Partnerships%22%29%20%28Canada%20OR%20Toronto%20OR%20Ontario%29,https://www.linkedin.com/search/results/people/?keywords=%22RBC%20Healthcare%22%20%22Healthcare%20Industry%20Lead%22%20OR%20%22Head%20of%20Healthcare%22%20OR%20%22Life%20Sciences%22&origin=GLOBAL_SEARCH_HEADER
banner-3,Shoppers Drug Mart / Loblaw,A,Dinner,70,Ontario,Industry Marketing · Field Marketing · Brand Marketing · Business Development Director · Head of Marketing · Country Manager,https://www.google.com/search?q=site%3Alinkedin.com/in%20%22Shoppers%20Drug%20Mart%20/%20Loblaw%22%20%28%22Industry%20Marketing%22%20OR%20%22Field%20Marketing%22%20OR%20%22Brand%20Marketing%22%20OR%20%22Business%20Development%20Director%22%20OR%20%22Head%20of%20Marketing%22%20OR%20%22Country%20Manager%22%29%20%28Canada%20OR%20Toronto%20OR%20Ontario%29,https://www.linkedin.com/search/results/people/?keywords=%22Shoppers%20Drug%20Mart%20/%20Loblaw%22%20%22Industry%20Marketing%22%20OR%20%22Field%20Marketing%22%20OR%20%22Brand%20Marketing%22&origin=GLOBAL_SEARCH_HEADER
dental-mfr-1,Straumann Canada,A,Dinner,70,no CA office,Industry Marketing · Field Marketing · Brand Marketing · Business Development Director · Head of Marketing · Country Manager,https://www.google.com/search?q=site%3Alinkedin.com/in%20%22Straumann%20Canada%22%20%28%22Industry%20Marketing%22%20OR%20%22Field%20Marketing%22%20OR%20%22Brand%20Marketing%22%20OR%20%22Business%20Development%20Director%22%20OR%20%22Head%20of%20Marketing%22%20OR%20%22Country%20Manager%22%29%20%28Canada%20OR%20Toronto%20OR%20Ontario%29,https://www.linkedin.com/search/results/people/?keywords=%22Straumann%20Canada%22%20%22Industry%20Marketing%22%20OR%20%22Field%20Marketing%22%20OR%20%22Brand%20Marketing%22&origin=GLOBAL_SEARCH_HEADER
fin-7,Sun Life,A,Convening,70,Toronto,Healthcare Industry Lead · Head of Healthcare · Life Sciences · Field Marketing · Country Manager · General Manager · Strategic Partnerships,https://www.google.com/search?q=site%3Alinkedin.com/in%20%22Sun%20Life%22%20%28%22Healthcare%20Industry%20Lead%22%20OR%20%22Head%20of%20Healthcare%22%20OR%20%22Life%20Sciences%22%20OR%20%22Field%20Marketing%22%20OR%20%22Country%20Manager%22%20OR%20%22General%20Manager%22%20OR%20%22Strategic%20Partnerships%22%29%20%28Canada%20OR%20Toronto%20OR%20Ontario%29,https://www.linkedin.com/search/results/people/?keywords=%22Sun%20Life%22%20%22Healthcare%20Industry%20Lead%22%20OR%20%22Head%20of%20Healthcare%22%20OR%20%22Life%20Sciences%22&origin=GLOBAL_SEARCH_HEADER
fin-2,TD,A,Convening,70,Toronto,Healthcare Industry Lead · Head of Healthcare · Life Sciences · Field Marketing · Country Manager · General Manager · Strategic Partnerships,https://www.google.com/search?q=site%3Alinkedin.com/in%20%22TD%22%20%28%22Healthcare%20Industry%20Lead%22%20OR%20%22Head%20of%20Healthcare%22%20OR%20%22Life%20Sciences%22%20OR%20%22Field%20Marketing%22%20OR%20%22Country%20Manager%22%20OR%20%22General%20Manager%22%20OR%20%22Strategic%20Partnerships%22%29%20%28Canada%20OR%20Toronto%20OR%20Ontario%29,https://www.linkedin.com/search/results/people/?keywords=%22TD%22%20%22Healthcare%20Industry%20Lead%22%20OR%20%22Head%20of%20Healthcare%22%20OR%20%22Life%20Sciences%22&origin=GLOBAL_SEARCH_HEADER
scaleup-8,WELL Health,A,Meetup,70,Vancouver,Head of Growth · Demand Generation · Growth Marketing · Field Marketing · Event Marketing · Community Manager · Partnerships Manager,https://www.google.com/search?q=site%3Alinkedin.com/in%20%22WELL%20Health%22%20%28%22Head%20of%20Growth%22%20OR%20%22Demand%20Generation%22%20OR%20%22Growth%20Marketing%22%20OR%20%22Field%20Marketing%22%20OR%20%22Event%20Marketing%22%20OR%20%22Community%20Manager%22%20OR%20%22Partnerships%20Manager%22%29%20%28Canada%20OR%20Toronto%20OR%20Ontario%29,https://www.linkedin.com/search/results/people/?keywords=%22WELL%20Health%22%20%22Head%20of%20Growth%22%20OR%20%22Demand%20Generation%22%20OR%20%22Growth%20Marketing%22&origin=GLOBAL_SEARCH_HEADER
banner-2,Whole Health Pharmacy Partners,A,Dinner,70,Ontario,Industry Marketing · Field Marketing · Brand Marketing · Business Development Director · Head of Marketing · Country Manager,https://www.google.com/search?q=site%3Alinkedin.com/in%20%22Whole%20Health%20Pharmacy%20Partners%22%20%28%22Industry%20Marketing%22%20OR%20%22Field%20Marketing%22%20OR%20%22Brand%20Marketing%22%20OR%20%22Business%20Development%20Director%22%20OR%20%22Head%20of%20Marketing%22%20OR%20%22Country%20Manager%22%29%20%28Canada%20OR%20Toronto%20OR%20Ontario%29,https://www.linkedin.com/search/results/people/?keywords=%22Whole%20Health%20Pharmacy%20Partners%22%20%22Industry%20Marketing%22%20OR%20%22Field%20Marketing%22%20OR%20%22Brand%20Marketing%22&origin=GLOBAL_SEARCH_HEADER
dso-0,dentalcorp,A,Dinner,65,Toronto,Industry Marketing · Field Marketing · Brand Marketing · Business Development Director · Head of Marketing · Country Manager,https://www.google.com/search?q=site%3Alinkedin.com/in%20%22dentalcorp%22%20%28%22Industry%20Marketing%22%20OR%20%22Field%20Marketing%22%20OR%20%22Brand%20Marketing%22%20OR%20%22Business%20Development%20Director%22%20OR%20%22Head%20of%20Marketing%22%20OR%20%22Country%20Manager%22%29%20%28Canada%20OR%20Toronto%20OR%20Ontario%29,https://www.linkedin.com/search/results/people/?keywords=%22dentalcorp%22%20%22Industry%20Marketing%22%20OR%20%22Field%20Marketing%22%20OR%20%22Brand%20Marketing%22&origin=GLOBAL_SEARCH_HEADER
poct-0,Abbott (ID NOW),B,Dinner,60,Mississauga,Industry Marketing · Field Marketing · Brand Marketing · Business Development Director · Head of Marketing · Country Manager,https://www.google.com/search?q=site%3Alinkedin.com/in%20%22Abbott%20%28ID%20NOW%29%22%20%28%22Industry%20Marketing%22%20OR%20%22Field%20Marketing%22%20OR%20%22Brand%20Marketing%22%20OR%20%22Business%20Development%20Director%22%20OR%20%22Head%20of%20Marketing%22%20OR%20%22Country%20Manager%22%29%20%28Canada%20OR%20Toronto%20OR%20Ontario%29,https://www.linkedin.com/search/results/people/?keywords=%22Abbott%20%28ID%20NOW%29%22%20%22Industry%20Marketing%22%20OR%20%22Field%20Marketing%22%20OR%20%22Brand%20Marketing%22&origin=GLOBAL_SEARCH_HEADER
misc-chatbase,Chatbase,B,Meetup,60,Toronto,Founder · CEO · Head of Partnerships · Head of Growth · Demand Generation · Growth Marketing,https://www.google.com/search?q=site%3Alinkedin.com/in%20%22Chatbase%22%20%28%22Founder%22%20OR%20%22CEO%22%20OR%20%22Head%20of%20Partnerships%22%20OR%20%22Head%20of%20Growth%22%20OR%20%22Demand%20Generation%22%20OR%20%22Growth%20Marketing%22%29%20%28Canada%20OR%20Toronto%20OR%20Ontario%29,https://www.linkedin.com/search/results/people/?keywords=%22Chatbase%22%20%22Founder%22%20OR%20%22CEO%22%20OR%20%22Head%20of%20Partnerships%22&origin=GLOBAL_SEARCH_HEADER
dental-sw-4,Smilepass,B,Meetup,60,Toronto,Head of Growth · Demand Generation · Growth Marketing · Field Marketing · Event Marketing · Community Manager · Partnerships Manager,https://www.google.com/search?q=site%3Alinkedin.com/in%20%22Smilepass%22%20%28%22Head%20of%20Growth%22%20OR%20%22Demand%20Generation%22%20OR%20%22Growth%20Marketing%22%20OR%20%22Field%20Marketing%22%20OR%20%22Event%20Marketing%22%20OR%20%22Community%20Manager%22%20OR%20%22Partnerships%20Manager%22%29%20%28Canada%20OR%20Toronto%20OR%20Ontario%29,https://www.linkedin.com/search/results/people/?keywords=%22Smilepass%22%20%22Head%20of%20Growth%22%20OR%20%22Demand%20Generation%22%20OR%20%22Growth%20Marketing%22&origin=GLOBAL_SEARCH_HEADER
pharm-telus,"TELUS Health (Kroll, PharmaClik Rx)",B,Meetup,60,Toronto,Head of Growth · Demand Generation · Growth Marketing · Field Marketing · Event Marketing · Community Manager · Partnerships Manager,https://www.google.com/search?q=site%3Alinkedin.com/in%20%22TELUS%20Health%20%28Kroll%2C%20PharmaClik%20Rx%29%22%20%28%22Head%20of%20Growth%22%20OR%20%22Demand%20Generation%22%20OR%20%22Growth%20Marketing%22%20OR%20%22Field%20Marketing%22%20OR%20%22Event%20Marketing%22%20OR%20%22Community%20Manager%22%20OR%20%22Partnerships%20Manager%22%29%20%28Canada%20OR%20Toronto%20OR%20Ontario%29,https://www.linkedin.com/search/results/people/?keywords=%22TELUS%20Health%20%28Kroll%2C%20PharmaClik%20Rx%29%22%20%22Head%20of%20Growth%22%20OR%20%22Demand%20Generation%22%20OR%20%22Growth%20Marketing%22&origin=GLOBAL_SEARCH_HEADER
medtech-8,Abbott Canada,B,Dinner,55,Mississauga / GTA,Industry Marketing · Field Marketing · Brand Marketing · Business Development Director · Head of Marketing · Country Manager,https://www.google.com/search?q=site%3Alinkedin.com/in%20%22Abbott%20Canada%22%20%28%22Industry%20Marketing%22%20OR%20%22Field%20Marketing%22%20OR%20%22Brand%20Marketing%22%20OR%20%22Business%20Development%20Director%22%20OR%20%22Head%20of%20Marketing%22%20OR%20%22Country%20Manager%22%29%20%28Canada%20OR%20Toronto%20OR%20Ontario%29,https://www.linkedin.com/search/results/people/?keywords=%22Abbott%20Canada%22%20%22Industry%20Marketing%22%20OR%20%22Field%20Marketing%22%20OR%20%22Brand%20Marketing%22&origin=GLOBAL_SEARCH_HEADER
medtech-5,Amgen Canada,B,Dinner,55,Mississauga / GTA,Industry Marketing · Field Marketing · Brand Marketing · Business Development Director · Head of Marketing · Country Manager,https://www.google.com/search?q=site%3Alinkedin.com/in%20%22Amgen%20Canada%22%20%28%22Industry%20Marketing%22%20OR%20%22Field%20Marketing%22%20OR%20%22Brand%20Marketing%22%20OR%20%22Business%20Development%20Director%22%20OR%20%22Head%20of%20Marketing%22%20OR%20%22Country%20Manager%22%29%20%28Canada%20OR%20Toronto%20OR%20Ontario%29,https://www.linkedin.com/search/results/people/?keywords=%22Amgen%20Canada%22%20%22Industry%20Marketing%22%20OR%20%22Field%20Marketing%22%20OR%20%22Brand%20Marketing%22&origin=GLOBAL_SEARCH_HEADER
medtech-3,AstraZeneca Canada Ops,B,Dinner,55,Mississauga / GTA,Industry Marketing · Field Marketing · Brand Marketing · Business Development Director · Head of Marketing · Country Manager,https://www.google.com/search?q=site%3Alinkedin.com/in%20%22AstraZeneca%20Canada%20Ops%22%20%28%22Industry%20Marketing%22%20OR%20%22Field%20Marketing%22%20OR%20%22Brand%20Marketing%22%20OR%20%22Business%20Development%20Director%22%20OR%20%22Head%20of%20Marketing%22%20OR%20%22Country%20Manager%22%29%20%28Canada%20OR%20Toronto%20OR%20Ontario%29,https://www.linkedin.com/search/results/people/?keywords=%22AstraZeneca%20Canada%20Ops%22%20%22Industry%20Marketing%22%20OR%20%22Field%20Marketing%22%20OR%20%22Brand%20Marketing%22&origin=GLOBAL_SEARCH_HEADER
medtech-11,Baxter Canada,B,Dinner,55,Mississauga / GTA,Industry Marketing · Field Marketing · Brand Marketing · Business Development Director · Head of Marketing · Country Manager,https://www.google.com/search?q=site%3Alinkedin.com/in%20%22Baxter%20Canada%22%20%28%22Industry%20Marketing%22%20OR%20%22Field%20Marketing%22%20OR%20%22Brand%20Marketing%22%20OR%20%22Business%20Development%20Director%22%20OR%20%22Head%20of%20Marketing%22%20OR%20%22Country%20Manager%22%29%20%28Canada%20OR%20Toronto%20OR%20Ontario%29,https://www.linkedin.com/search/results/people/?keywords=%22Baxter%20Canada%22%20%22Industry%20Marketing%22%20OR%20%22Field%20Marketing%22%20OR%20%22Brand%20Marketing%22&origin=GLOBAL_SEARCH_HEADER
medtech-0,Boston Scientific Canada,B,Dinner,55,Mississauga / GTA,Industry Marketing · Field Marketing · Brand Marketing · Business Development Director · Head of Marketing · Country Manager,https://www.google.com/search?q=site%3Alinkedin.com/in%20%22Boston%20Scientific%20Canada%22%20%28%22Industry%20Marketing%22%20OR%20%22Field%20Marketing%22%20OR%20%22Brand%20Marketing%22%20OR%20%22Business%20Development%20Director%22%20OR%20%22Head%20of%20Marketing%22%20OR%20%22Country%20Manager%22%29%20%28Canada%20OR%20Toronto%20OR%20Ontario%29,https://www.linkedin.com/search/results/people/?keywords=%22Boston%20Scientific%20Canada%22%20%22Industry%20Marketing%22%20OR%20%22Field%20Marketing%22%20OR%20%22Brand%20Marketing%22&origin=GLOBAL_SEARCH_HEADER
medtech-1,GE HealthCare Canada,B,Dinner,55,Mississauga / GTA,Industry Marketing · Field Marketing · Brand Marketing · Business Development Director · Head of Marketing · Country Manager,https://www.google.com/search?q=site%3Alinkedin.com/in%20%22GE%20HealthCare%20Canada%22%20%28%22Industry%20Marketing%22%20OR%20%22Field%20Marketing%22%20OR%20%22Brand%20Marketing%22%20OR%20%22Business%20Development%20Director%22%20OR%20%22Head%20of%20Marketing%22%20OR%20%22Country%20Manager%22%29%20%28Canada%20OR%20Toronto%20OR%20Ontario%29,https://www.linkedin.com/search/results/people/?keywords=%22GE%20HealthCare%20Canada%22%20%22Industry%20Marketing%22%20OR%20%22Field%20Marketing%22%20OR%20%22Brand%20Marketing%22&origin=GLOBAL_SEARCH_HEADER
medtech-4,GSK Canada Ops,B,Dinner,55,Mississauga / GTA,Industry Marketing · Field Marketing · Brand Marketing · Business Development Director · Head of Marketing · Country Manager,https://www.google.com/search?q=site%3Alinkedin.com/in%20%22GSK%20Canada%20Ops%22%20%28%22Industry%20Marketing%22%20OR%20%22Field%20Marketing%22%20OR%20%22Brand%20Marketing%22%20OR%20%22Business%20Development%20Director%22%20OR%20%22Head%20of%20Marketing%22%20OR%20%22Country%20Manager%22%29%20%28Canada%20OR%20Toronto%20OR%20Ontario%29,https://www.linkedin.com/search/results/people/?keywords=%22GSK%20Canada%20Ops%22%20%22Industry%20Marketing%22%20OR%20%22Field%20Marketing%22%20OR%20%22Brand%20Marketing%22&origin=GLOBAL_SEARCH_HEADER
medtech-6,Johnson & Johnson Canada,B,Dinner,55,Mississauga / GTA,Industry Marketing · Field Marketing · Brand Marketing · Business Development Director · Head of Marketing · Country Manager,https://www.google.com/search?q=site%3Alinkedin.com/in%20%22Johnson%20%26%20Johnson%20Canada%22%20%28%22Industry%20Marketing%22%20OR%20%22Field%20Marketing%22%20OR%20%22Brand%20Marketing%22%20OR%20%22Business%20Development%20Director%22%20OR%20%22Head%20of%20Marketing%22%20OR%20%22Country%20Manager%22%29%20%28Canada%20OR%20Toronto%20OR%20Ontario%29,https://www.linkedin.com/search/results/people/?keywords=%22Johnson%20%26%20Johnson%20Canada%22%20%22Industry%20Marketing%22%20OR%20%22Field%20Marketing%22%20OR%20%22Brand%20Marketing%22&origin=GLOBAL_SEARCH_HEADER
medtech-7,Medtronic Canada,B,Dinner,55,Mississauga / GTA,Industry Marketing · Field Marketing · Brand Marketing · Business Development Director · Head of Marketing · Country Manager,https://www.google.com/search?q=site%3Alinkedin.com/in%20%22Medtronic%20Canada%22%20%28%22Industry%20Marketing%22%20OR%20%22Field%20Marketing%22%20OR%20%22Brand%20Marketing%22%20OR%20%22Business%20Development%20Director%22%20OR%20%22Head%20of%20Marketing%22%20OR%20%22Country%20Manager%22%29%20%28Canada%20OR%20Toronto%20OR%20Ontario%29,https://www.linkedin.com/search/results/people/?keywords=%22Medtronic%20Canada%22%20%22Industry%20Marketing%22%20OR%20%22Field%20Marketing%22%20OR%20%22Brand%20Marketing%22&origin=GLOBAL_SEARCH_HEADER
medtech-10,Philips Canada,B,Dinner,55,Mississauga / GTA,Industry Marketing · Field Marketing · Brand Marketing · Business Development Director · Head of Marketing · Country Manager,https://www.google.com/search?q=site%3Alinkedin.com/in%20%22Philips%20Canada%22%20%28%22Industry%20Marketing%22%20OR%20%22Field%20Marketing%22%20OR%20%22Brand%20Marketing%22%20OR%20%22Business%20Development%20Director%22%20OR%20%22Head%20of%20Marketing%22%20OR%20%22Country%20Manager%22%29%20%28Canada%20OR%20Toronto%20OR%20Ontario%29,https://www.linkedin.com/search/results/people/?keywords=%22Philips%20Canada%22%20%22Industry%20Marketing%22%20OR%20%22Field%20Marketing%22%20OR%20%22Brand%20Marketing%22&origin=GLOBAL_SEARCH_HEADER
medtech-2,Roche Canada,B,Dinner,55,Mississauga / GTA,Industry Marketing · Field Marketing · Brand Marketing · Business Development Director · Head of Marketing · Country Manager,https://www.google.com/search?q=site%3Alinkedin.com/in%20%22Roche%20Canada%22%20%28%22Industry%20Marketing%22%20OR%20%22Field%20Marketing%22%20OR%20%22Brand%20Marketing%22%20OR%20%22Business%20Development%20Director%22%20OR%20%22Head%20of%20Marketing%22%20OR%20%22Country%20Manager%22%29%20%28Canada%20OR%20Toronto%20OR%20Ontario%29,https://www.linkedin.com/search/results/people/?keywords=%22Roche%20Canada%22%20%22Industry%20Marketing%22%20OR%20%22Field%20Marketing%22%20OR%20%22Brand%20Marketing%22&origin=GLOBAL_SEARCH_HEADER
medtech-9,Stryker Canada,B,Dinner,55,Mississauga / GTA,Industry Marketing · Field Marketing · Brand Marketing · Business Development Director · Head of Marketing · Country Manager,https://www.google.com/search?q=site%3Alinkedin.com/in%20%22Stryker%20Canada%22%20%28%22Industry%20Marketing%22%20OR%20%22Field%20Marketing%22%20OR%20%22Brand%20Marketing%22%20OR%20%22Business%20Development%20Director%22%20OR%20%22Head%20of%20Marketing%22%20OR%20%22Country%20Manager%22%29%20%28Canada%20OR%20Toronto%20OR%20Ontario%29,https://www.linkedin.com/search/results/people/?keywords=%22Stryker%20Canada%22%20%22Industry%20Marketing%22%20OR%20%22Field%20Marketing%22%20OR%20%22Brand%20Marketing%22&origin=GLOBAL_SEARCH_HEADER
dso-1,123Dentist,B,Dinner,50,no CA office,Industry Marketing · Field Marketing · Brand Marketing · Business Development Director · Head of Marketing · Country Manager,https://www.google.com/search?q=site%3Alinkedin.com/in%20%22123Dentist%22%20%28%22Industry%20Marketing%22%20OR%20%22Field%20Marketing%22%20OR%20%22Brand%20Marketing%22%20OR%20%22Business%20Development%20Director%22%20OR%20%22Head%20of%20Marketing%22%20OR%20%22Country%20Manager%22%29%20%28Canada%20OR%20Toronto%20OR%20Ontario%29,https://www.linkedin.com/search/results/people/?keywords=%22123Dentist%22%20%22Industry%20Marketing%22%20OR%20%22Field%20Marketing%22%20OR%20%22Brand%20Marketing%22&origin=GLOBAL_SEARCH_HEADER
dso-2,Altima Dental,B,Dinner,50,no CA office,Industry Marketing · Field Marketing · Brand Marketing · Business Development Director · Head of Marketing · Country Manager,https://www.google.com/search?q=site%3Alinkedin.com/in%20%22Altima%20Dental%22%20%28%22Industry%20Marketing%22%20OR%20%22Field%20Marketing%22%20OR%20%22Brand%20Marketing%22%20OR%20%22Business%20Development%20Director%22%20OR%20%22Head%20of%20Marketing%22%20OR%20%22Country%20Manager%22%29%20%28Canada%20OR%20Toronto%20OR%20Ontario%29,https://www.linkedin.com/search/results/people/?keywords=%22Altima%20Dental%22%20%22Industry%20Marketing%22%20OR%20%22Field%20Marketing%22%20OR%20%22Brand%20Marketing%22&origin=GLOBAL_SEARCH_HEADER
dental-ai-4,3Shape Canada,B,Meetup,45,no CA office,Head of Growth · Demand Generation · Growth Marketing · Field Marketing · Event Marketing · Community Manager · Partnerships Manager,https://www.google.com/search?q=site%3Alinkedin.com/in%20%223Shape%20Canada%22%20%28%22Head%20of%20Growth%22%20OR%20%22Demand%20Generation%22%20OR%20%22Growth%20Marketing%22%20OR%20%22Field%20Marketing%22%20OR%20%22Event%20Marketing%22%20OR%20%22Community%20Manager%22%20OR%20%22Partnerships%20Manager%22%29%20%28Canada%20OR%20Toronto%20OR%20Ontario%29,https://www.linkedin.com/search/results/people/?keywords=%223Shape%20Canada%22%20%22Head%20of%20Growth%22%20OR%20%22Demand%20Generation%22%20OR%20%22Growth%20Marketing%22&origin=GLOBAL_SEARCH_HEADER
dental-sw-0,ABELDent,B,Meetup,45,no CA office,Head of Growth · Demand Generation · Growth Marketing · Field Marketing · Event Marketing · Community Manager · Partnerships Manager,https://www.google.com/search?q=site%3Alinkedin.com/in%20%22ABELDent%22%20%28%22Head%20of%20Growth%22%20OR%20%22Demand%20Generation%22%20OR%20%22Growth%20Marketing%22%20OR%20%22Field%20Marketing%22%20OR%20%22Event%20Marketing%22%20OR%20%22Community%20Manager%22%20OR%20%22Partnerships%20Manager%22%29%20%28Canada%20OR%20Toronto%20OR%20Ontario%29,https://www.linkedin.com/search/results/people/?keywords=%22ABELDent%22%20%22Head%20of%20Growth%22%20OR%20%22Demand%20Generation%22%20OR%20%22Growth%20Marketing%22&origin=GLOBAL_SEARCH_HEADER
vax-5,AstraZeneca Canada,B,Dinner,45,no CA office,Industry Marketing · Field Marketing · Brand Marketing · Business Development Director · Head of Marketing · Country Manager,https://www.google.com/search?q=site%3Alinkedin.com/in%20%22AstraZeneca%20Canada%22%20%28%22Industry%20Marketing%22%20OR%20%22Field%20Marketing%22%20OR%20%22Brand%20Marketing%22%20OR%20%22Business%20Development%20Director%22%20OR%20%22Head%20of%20Marketing%22%20OR%20%22Country%20Manager%22%29%20%28Canada%20OR%20Toronto%20OR%20Ontario%29,https://www.linkedin.com/search/results/people/?keywords=%22AstraZeneca%20Canada%22%20%22Industry%20Marketing%22%20OR%20%22Field%20Marketing%22%20OR%20%22Brand%20Marketing%22&origin=GLOBAL_SEARCH_HEADER
poct-5,BD,B,Dinner,45,no CA office,Industry Marketing · Field Marketing · Brand Marketing · Business Development Director · Head of Marketing · Country Manager,https://www.google.com/search?q=site%3Alinkedin.com/in%20%22BD%22%20%28%22Industry%20Marketing%22%20OR%20%22Field%20Marketing%22%20OR%20%22Brand%20Marketing%22%20OR%20%22Business%20Development%20Director%22%20OR%20%22Head%20of%20Marketing%22%20OR%20%22Country%20Manager%22%29%20%28Canada%20OR%20Toronto%20OR%20Ontario%29,https://www.linkedin.com/search/results/people/?keywords=%22BD%22%20%22Industry%20Marketing%22%20OR%20%22Field%20Marketing%22%20OR%20%22Brand%20Marketing%22&origin=GLOBAL_SEARCH_HEADER
otc-2,Bayer Consumer Health,B,Dinner,45,no CA office,Industry Marketing · Field Marketing · Brand Marketing · Business Development Director · Head of Marketing · Country Manager,https://www.google.com/search?q=site%3Alinkedin.com/in%20%22Bayer%20Consumer%20Health%22%20%28%22Industry%20Marketing%22%20OR%20%22Field%20Marketing%22%20OR%20%22Brand%20Marketing%22%20OR%20%22Business%20Development%20Director%22%20OR%20%22Head%20of%20Marketing%22%20OR%20%22Country%20Manager%22%29%20%28Canada%20OR%20Toronto%20OR%20Ontario%29,https://www.linkedin.com/search/results/people/?keywords=%22Bayer%20Consumer%20Health%22%20%22Industry%20Marketing%22%20OR%20%22Field%20Marketing%22%20OR%20%22Brand%20Marketing%22&origin=GLOBAL_SEARCH_HEADER
poct-3,Cepheid,B,Dinner,45,no CA office,Industry Marketing · Field Marketing · Brand Marketing · Business Development Director · Head of Marketing · Country Manager,https://www.google.com/search?q=site%3Alinkedin.com/in%20%22Cepheid%22%20%28%22Industry%20Marketing%22%20OR%20%22Field%20Marketing%22%20OR%20%22Brand%20Marketing%22%20OR%20%22Business%20Development%20Director%22%20OR%20%22Head%20of%20Marketing%22%20OR%20%22Country%20Manager%22%29%20%28Canada%20OR%20Toronto%20OR%20Ontario%29,https://www.linkedin.com/search/results/people/?keywords=%22Cepheid%22%20%22Industry%20Marketing%22%20OR%20%22Field%20Marketing%22%20OR%20%22Brand%20Marketing%22&origin=GLOBAL_SEARCH_HEADER
dental-sw-2,ClearDent,B,Meetup,45,no CA office,Head of Growth · Demand Generation · Growth Marketing · Field Marketing · Event Marketing · Community Manager · Partnerships Manager,https://www.google.com/search?q=site%3Alinkedin.com/in%20%22ClearDent%22%20%28%22Head%20of%20Growth%22%20OR%20%22Demand%20Generation%22%20OR%20%22Growth%20Marketing%22%20OR%20%22Field%20Marketing%22%20OR%20%22Event%20Marketing%22%20OR%20%22Community%20Manager%22%20OR%20%22Partnerships%20Manager%22%29%20%28Canada%20OR%20Toronto%20OR%20Ontario%29,https://www.linkedin.com/search/results/people/?keywords=%22ClearDent%22%20%22Head%20of%20Growth%22%20OR%20%22Demand%20Generation%22%20OR%20%22Growth%20Marketing%22&origin=GLOBAL_SEARCH_HEADER
dental-sw-6,Curve Dental,B,Meetup,45,no CA office,Head of Growth · Demand Generation · Growth Marketing · Field Marketing · Event Marketing · Community Manager · Partnerships Manager,https://www.google.com/search?q=site%3Alinkedin.com/in%20%22Curve%20Dental%22%20%28%22Head%20of%20Growth%22%20OR%20%22Demand%20Generation%22%20OR%20%22Growth%20Marketing%22%20OR%20%22Field%20Marketing%22%20OR%20%22Event%20Marketing%22%20OR%20%22Community%20Manager%22%20OR%20%22Partnerships%20Manager%22%29%20%28Canada%20OR%20Toronto%20OR%20Ontario%29,https://www.linkedin.com/search/results/people/?keywords=%22Curve%20Dental%22%20%22Head%20of%20Growth%22%20OR%20%22Demand%20Generation%22%20OR%20%22Growth%20Marketing%22&origin=GLOBAL_SEARCH_HEADER
dental-ai-8,DEXIS / Envista,B,Meetup,45,no CA office,Head of Growth · Demand Generation · Growth Marketing · Field Marketing · Event Marketing · Community Manager · Partnerships Manager,https://www.google.com/search?q=site%3Alinkedin.com/in%20%22DEXIS%20/%20Envista%22%20%28%22Head%20of%20Growth%22%20OR%20%22Demand%20Generation%22%20OR%20%22Growth%20Marketing%22%20OR%20%22Field%20Marketing%22%20OR%20%22Event%20Marketing%22%20OR%20%22Community%20Manager%22%20OR%20%22Partnerships%20Manager%22%29%20%28Canada%20OR%20Toronto%20OR%20Ontario%29,https://www.linkedin.com/search/results/people/?keywords=%22DEXIS%20/%20Envista%22%20%22Head%20of%20Growth%22%20OR%20%22Demand%20Generation%22%20OR%20%22Growth%20Marketing%22&origin=GLOBAL_SEARCH_HEADER
dental-ai-3,Denti.AI,B,Meetup,45,no CA office,Head of Growth · Demand Generation · Growth Marketing · Field Marketing · Event Marketing · Community Manager · Partnerships Manager,https://www.google.com/search?q=site%3Alinkedin.com/in%20%22Denti.AI%22%20%28%22Head%20of%20Growth%22%20OR%20%22Demand%20Generation%22%20OR%20%22Growth%20Marketing%22%20OR%20%22Field%20Marketing%22%20OR%20%22Event%20Marketing%22%20OR%20%22Community%20Manager%22%20OR%20%22Partnerships%20Manager%22%29%20%28Canada%20OR%20Toronto%20OR%20Ontario%29,https://www.linkedin.com/search/results/people/?keywords=%22Denti.AI%22%20%22Head%20of%20Growth%22%20OR%20%22Demand%20Generation%22%20OR%20%22Growth%20Marketing%22&origin=GLOBAL_SEARCH_HEADER
dental-sw-3,Dentitek,B,Meetup,45,no CA office,Head of Growth · Demand Generation · Growth Marketing · Field Marketing · Event Marketing · Community Manager · Partnerships Manager,https://www.google.com/search?q=site%3Alinkedin.com/in%20%22Dentitek%22%20%28%22Head%20of%20Growth%22%20OR%20%22Demand%20Generation%22%20OR%20%22Growth%20Marketing%22%20OR%20%22Field%20Marketing%22%20OR%20%22Event%20Marketing%22%20OR%20%22Community%20Manager%22%20OR%20%22Partnerships%20Manager%22%29%20%28Canada%20OR%20Toronto%20OR%20Ontario%29,https://www.linkedin.com/search/results/people/?keywords=%22Dentitek%22%20%22Head%20of%20Growth%22%20OR%20%22Demand%20Generation%22%20OR%20%22Growth%20Marketing%22&origin=GLOBAL_SEARCH_HEADER
vax-0,GSK Canada,B,Dinner,45,no CA office,Industry Marketing · Field Marketing · Brand Marketing · Business Development Director · Head of Marketing · Country Manager,https://www.google.com/search?q=site%3Alinkedin.com/in%20%22GSK%20Canada%22%20%28%22Industry%20Marketing%22%20OR%20%22Field%20Marketing%22%20OR%20%22Brand%20Marketing%22%20OR%20%22Business%20Development%20Director%22%20OR%20%22Head%20of%20Marketing%22%20OR%20%22Country%20Manager%22%29%20%28Canada%20OR%20Toronto%20OR%20Ontario%29,https://www.linkedin.com/search/results/people/?keywords=%22GSK%20Canada%22%20%22Industry%20Marketing%22%20OR%20%22Field%20Marketing%22%20OR%20%22Brand%20Marketing%22&origin=GLOBAL_SEARCH_HEADER
otc-0,Haleon Canada,B,Dinner,45,no CA office,Industry Marketing · Field Marketing · Brand Marketing · Business Development Director · Head of Marketing · Country Manager,https://www.google.com/search?q=site%3Alinkedin.com/in%20%22Haleon%20Canada%22%20%28%22Industry%20Marketing%22%20OR%20%22Field%20Marketing%22%20OR%20%22Brand%20Marketing%22%20OR%20%22Business%20Development%20Director%22%20OR%20%22Head%20of%20Marketing%22%20OR%20%22Country%20Manager%22%29%20%28Canada%20OR%20Toronto%20OR%20Ontario%29,https://www.linkedin.com/search/results/people/?keywords=%22Haleon%20Canada%22%20%22Industry%20Marketing%22%20OR%20%22Field%20Marketing%22%20OR%20%22Brand%20Marketing%22&origin=GLOBAL_SEARCH_HEADER
dental-sw-5,Henry Schein One Canada (Dentrix),B,Meetup,45,no CA office,Head of Growth · Demand Generation · Growth Marketing · Field Marketing · Event Marketing · Community Manager · Partnerships Manager,https://www.google.com/search?q=site%3Alinkedin.com/in%20%22Henry%20Schein%20One%20Canada%20%28Dentrix%29%22%20%28%22Head%20of%20Growth%22%20OR%20%22Demand%20Generation%22%20OR%20%22Growth%20Marketing%22%20OR%20%22Field%20Marketing%22%20OR%20%22Event%20Marketing%22%20OR%20%22Community%20Manager%22%20OR%20%22Partnerships%20Manager%22%29%20%28Canada%20OR%20Toronto%20OR%20Ontario%29,https://www.linkedin.com/search/results/people/?keywords=%22Henry%20Schein%20One%20Canada%20%28Dentrix%29%22%20%22Head%20of%20Growth%22%20OR%20%22Demand%20Generation%22%20OR%20%22Growth%20Marketing%22&origin=GLOBAL_SEARCH_HEADER
otc-4,Jamieson,B,Dinner,45,no CA office,Industry Marketing · Field Marketing · Brand Marketing · Business Development Director · Head of Marketing · Country Manager,https://www.google.com/search?q=site%3Alinkedin.com/in%20%22Jamieson%22%20%28%22Industry%20Marketing%22%20OR%20%22Field%20Marketing%22%20OR%20%22Brand%20Marketing%22%20OR%20%22Business%20Development%20Director%22%20OR%20%22Head%20of%20Marketing%22%20OR%20%22Country%20Manager%22%29%20%28Canada%20OR%20Toronto%20OR%20Ontario%29,https://www.linkedin.com/search/results/people/?keywords=%22Jamieson%22%20%22Industry%20Marketing%22%20OR%20%22Field%20Marketing%22%20OR%20%22Brand%20Marketing%22&origin=GLOBAL_SEARCH_HEADER
otc-1,Kenvue,B,Dinner,45,no CA office,Industry Marketing · Field Marketing · Brand Marketing · Business Development Director · Head of Marketing · Country Manager,https://www.google.com/search?q=site%3Alinkedin.com/in%20%22Kenvue%22%20%28%22Industry%20Marketing%22%20OR%20%22Field%20Marketing%22%20OR%20%22Brand%20Marketing%22%20OR%20%22Business%20Development%20Director%22%20OR%20%22Head%20of%20Marketing%22%20OR%20%22Country%20Manager%22%29%20%28Canada%20OR%20Toronto%20OR%20Ontario%29,https://www.linkedin.com/search/results/people/?keywords=%22Kenvue%22%20%22Industry%20Marketing%22%20OR%20%22Field%20Marketing%22%20OR%20%22Brand%20Marketing%22&origin=GLOBAL_SEARCH_HEADER
dental-sw-1,MaxiDent,B,Meetup,45,no CA office,Head of Growth · Demand Generation · Growth Marketing · Field Marketing · Event Marketing · Community Manager · Partnerships Manager,https://www.google.com/search?q=site%3Alinkedin.com/in%20%22MaxiDent%22%20%28%22Head%20of%20Growth%22%20OR%20%22Demand%20Generation%22%20OR%20%22Growth%20Marketing%22%20OR%20%22Field%20Marketing%22%20OR%20%22Event%20Marketing%22%20OR%20%22Community%20Manager%22%20OR%20%22Partnerships%20Manager%22%29%20%28Canada%20OR%20Toronto%20OR%20Ontario%29,https://www.linkedin.com/search/results/people/?keywords=%22MaxiDent%22%20%22Head%20of%20Growth%22%20OR%20%22Demand%20Generation%22%20OR%20%22Growth%20Marketing%22&origin=GLOBAL_SEARCH_HEADER
dental-ai-5,Medit,B,Meetup,45,no CA office,Head of Growth · Demand Generation · Growth Marketing · Field Marketing · Event Marketing · Community Manager · Partnerships Manager,https://www.google.com/search?q=site%3Alinkedin.com/in%20%22Medit%22%20%28%22Head%20of%20Growth%22%20OR%20%22Demand%20Generation%22%20OR%20%22Growth%20Marketing%22%20OR%20%22Field%20Marketing%22%20OR%20%22Event%20Marketing%22%20OR%20%22Community%20Manager%22%20OR%20%22Partnerships%20Manager%22%29%20%28Canada%20OR%20Toronto%20OR%20Ontario%29,https://www.linkedin.com/search/results/people/?keywords=%22Medit%22%20%22Head%20of%20Growth%22%20OR%20%22Demand%20Generation%22%20OR%20%22Growth%20Marketing%22&origin=GLOBAL_SEARCH_HEADER
vax-2,Merck Canada,B,Dinner,45,no CA office,Industry Marketing · Field Marketing · Brand Marketing · Business Development Director · Head of Marketing · Country Manager,https://www.google.com/search?q=site%3Alinkedin.com/in%20%22Merck%20Canada%22%20%28%22Industry%20Marketing%22%20OR%20%22Field%20Marketing%22%20OR%20%22Brand%20Marketing%22%20OR%20%22Business%20Development%20Director%22%20OR%20%22Head%20of%20Marketing%22%20OR%20%22Country%20Manager%22%29%20%28Canada%20OR%20Toronto%20OR%20Ontario%29,https://www.linkedin.com/search/results/people/?keywords=%22Merck%20Canada%22%20%22Industry%20Marketing%22%20OR%20%22Field%20Marketing%22%20OR%20%22Brand%20Marketing%22&origin=GLOBAL_SEARCH_HEADER
vax-3,Moderna Canada,B,Dinner,45,no CA office,Industry Marketing · Field Marketing · Brand Marketing · Business Development Director · Head of Marketing · Country Manager,https://www.google.com/search?q=site%3Alinkedin.com/in%20%22Moderna%20Canada%22%20%28%22Industry%20Marketing%22%20OR%20%22Field%20Marketing%22%20OR%20%22Brand%20Marketing%22%20OR%20%22Business%20Development%20Director%22%20OR%20%22Head%20of%20Marketing%22%20OR%20%22Country%20Manager%22%29%20%28Canada%20OR%20Toronto%20OR%20Ontario%29,https://www.linkedin.com/search/results/people/?keywords=%22Moderna%20Canada%22%20%22Industry%20Marketing%22%20OR%20%22Field%20Marketing%22%20OR%20%22Brand%20Marketing%22&origin=GLOBAL_SEARCH_HEADER
dental-ai-1,Overjet,B,Meetup,45,no CA office,Head of Growth · Demand Generation · Growth Marketing · Field Marketing · Event Marketing · Community Manager · Partnerships Manager,https://www.google.com/search?q=site%3Alinkedin.com/in%20%22Overjet%22%20%28%22Head%20of%20Growth%22%20OR%20%22Demand%20Generation%22%20OR%20%22Growth%20Marketing%22%20OR%20%22Field%20Marketing%22%20OR%20%22Event%20Marketing%22%20OR%20%22Community%20Manager%22%20OR%20%22Partnerships%20Manager%22%29%20%28Canada%20OR%20Toronto%20OR%20Ontario%29,https://www.linkedin.com/search/results/people/?keywords=%22Overjet%22%20%22Head%20of%20Growth%22%20OR%20%22Demand%20Generation%22%20OR%20%22Growth%20Marketing%22&origin=GLOBAL_SEARCH_HEADER
dental-ai-0,Pearl,B,Meetup,45,no CA office,Head of Growth · Demand Generation · Growth Marketing · Field Marketing · Event Marketing · Community Manager · Partnerships Manager,https://www.google.com/search?q=site%3Alinkedin.com/in%20%22Pearl%22%20%28%22Head%20of%20Growth%22%20OR%20%22Demand%20Generation%22%20OR%20%22Growth%20Marketing%22%20OR%20%22Field%20Marketing%22%20OR%20%22Event%20Marketing%22%20OR%20%22Community%20Manager%22%20OR%20%22Partnerships%20Manager%22%29%20%28Canada%20OR%20Toronto%20OR%20Ontario%29,https://www.linkedin.com/search/results/people/?keywords=%22Pearl%22%20%22Head%20of%20Growth%22%20OR%20%22Demand%20Generation%22%20OR%20%22Growth%20Marketing%22&origin=GLOBAL_SEARCH_HEADER
vax-1,Pfizer Canada,B,Dinner,45,no CA office,Industry Marketing · Field Marketing · Brand Marketing · Business Development Director · Head of Marketing · Country Manager,https://www.google.com/search?q=site%3Alinkedin.com/in%20%22Pfizer%20Canada%22%20%28%22Industry%20Marketing%22%20OR%20%22Field%20Marketing%22%20OR%20%22Brand%20Marketing%22%20OR%20%22Business%20Development%20Director%22%20OR%20%22Head%20of%20Marketing%22%20OR%20%22Country%20Manager%22%29%20%28Canada%20OR%20Toronto%20OR%20Ontario%29,https://www.linkedin.com/search/results/people/?keywords=%22Pfizer%20Canada%22%20%22Industry%20Marketing%22%20OR%20%22Field%20Marketing%22%20OR%20%22Brand%20Marketing%22&origin=GLOBAL_SEARCH_HEADER
dental-ai-7,Planmeca Canada,B,Meetup,45,no CA office,Head of Growth · Demand Generation · Growth Marketing · Field Marketing · Event Marketing · Community Manager · Partnerships Manager,https://www.google.com/search?q=site%3Alinkedin.com/in%20%22Planmeca%20Canada%22%20%28%22Head%20of%20Growth%22%20OR%20%22Demand%20Generation%22%20OR%20%22Growth%20Marketing%22%20OR%20%22Field%20Marketing%22%20OR%20%22Event%20Marketing%22%20OR%20%22Community%20Manager%22%20OR%20%22Partnerships%20Manager%22%29%20%28Canada%20OR%20Toronto%20OR%20Ontario%29,https://www.linkedin.com/search/results/people/?keywords=%22Planmeca%20Canada%22%20%22Head%20of%20Growth%22%20OR%20%22Demand%20Generation%22%20OR%20%22Growth%20Marketing%22&origin=GLOBAL_SEARCH_HEADER
poct-4,QuidelOrtho,B,Dinner,45,no CA office,Industry Marketing · Field Marketing · Brand Marketing · Business Development Director · Head of Marketing · Country Manager,https://www.google.com/search?q=site%3Alinkedin.com/in%20%22QuidelOrtho%22%20%28%22Industry%20Marketing%22%20OR%20%22Field%20Marketing%22%20OR%20%22Brand%20Marketing%22%20OR%20%22Business%20Development%20Director%22%20OR%20%22Head%20of%20Marketing%22%20OR%20%22Country%20Manager%22%29%20%28Canada%20OR%20Toronto%20OR%20Ontario%29,https://www.linkedin.com/search/results/people/?keywords=%22QuidelOrtho%22%20%22Industry%20Marketing%22%20OR%20%22Field%20Marketing%22%20OR%20%22Brand%20Marketing%22&origin=GLOBAL_SEARCH_HEADER
otc-3,Reckitt,B,Dinner,45,no CA office,Industry Marketing · Field Marketing · Brand Marketing · Business Development Director · Head of Marketing · Country Manager,https://www.google.com/search?q=site%3Alinkedin.com/in%20%22Reckitt%22%20%28%22Industry%20Marketing%22%20OR%20%22Field%20Marketing%22%20OR%20%22Brand%20Marketing%22%20OR%20%22Business%20Development%20Director%22%20OR%20%22Head%20of%20Marketing%22%20OR%20%22Country%20Manager%22%29%20%28Canada%20OR%20Toronto%20OR%20Ontario%29,https://www.linkedin.com/search/results/people/?keywords=%22Reckitt%22%20%22Industry%20Marketing%22%20OR%20%22Field%20Marketing%22%20OR%20%22Brand%20Marketing%22&origin=GLOBAL_SEARCH_HEADER
poct-1,Roche Diagnostics Canada,B,Dinner,45,no CA office,Industry Marketing · Field Marketing · Brand Marketing · Business Development Director · Head of Marketing · Country Manager,https://www.google.com/search?q=site%3Alinkedin.com/in%20%22Roche%20Diagnostics%20Canada%22%20%28%22Industry%20Marketing%22%20OR%20%22Field%20Marketing%22%20OR%20%22Brand%20Marketing%22%20OR%20%22Business%20Development%20Director%22%20OR%20%22Head%20of%20Marketing%22%20OR%20%22Country%20Manager%22%29%20%28Canada%20OR%20Toronto%20OR%20Ontario%29,https://www.linkedin.com/search/results/people/?keywords=%22Roche%20Diagnostics%20Canada%22%20%22Industry%20Marketing%22%20OR%20%22Field%20Marketing%22%20OR%20%22Brand%20Marketing%22&origin=GLOBAL_SEARCH_HEADER
vax-4,Sanofi Canada,B,Dinner,45,no CA office,Industry Marketing · Field Marketing · Brand Marketing · Business Development Director · Head of Marketing · Country Manager,https://www.google.com/search?q=site%3Alinkedin.com/in%20%22Sanofi%20Canada%22%20%28%22Industry%20Marketing%22%20OR%20%22Field%20Marketing%22%20OR%20%22Brand%20Marketing%22%20OR%20%22Business%20Development%20Director%22%20OR%20%22Head%20of%20Marketing%22%20OR%20%22Country%20Manager%22%29%20%28Canada%20OR%20Toronto%20OR%20Ontario%29,https://www.linkedin.com/search/results/people/?keywords=%22Sanofi%20Canada%22%20%22Industry%20Marketing%22%20OR%20%22Field%20Marketing%22%20OR%20%22Brand%20Marketing%22&origin=GLOBAL_SEARCH_HEADER
poct-6,Siemens Healthineers Canada,B,Dinner,45,no CA office,Industry Marketing · Field Marketing · Brand Marketing · Business Development Director · Head of Marketing · Country Manager,https://www.google.com/search?q=site%3Alinkedin.com/in%20%22Siemens%20Healthineers%20Canada%22%20%28%22Industry%20Marketing%22%20OR%20%22Field%20Marketing%22%20OR%20%22Brand%20Marketing%22%20OR%20%22Business%20Development%20Director%22%20OR%20%22Head%20of%20Marketing%22%20OR%20%22Country%20Manager%22%29%20%28Canada%20OR%20Toronto%20OR%20Ontario%29,https://www.linkedin.com/search/results/people/?keywords=%22Siemens%20Healthineers%20Canada%22%20%22Industry%20Marketing%22%20OR%20%22Field%20Marketing%22%20OR%20%22Brand%20Marketing%22&origin=GLOBAL_SEARCH_HEADER
dental-ai-6,SprintRay,B,Meetup,45,no CA office,Head of Growth · Demand Generation · Growth Marketing · Field Marketing · Event Marketing · Community Manager · Partnerships Manager,https://www.google.com/search?q=site%3Alinkedin.com/in%20%22SprintRay%22%20%28%22Head%20of%20Growth%22%20OR%20%22Demand%20Generation%22%20OR%20%22Growth%20Marketing%22%20OR%20%22Field%20Marketing%22%20OR%20%22Event%20Marketing%22%20OR%20%22Community%20Manager%22%20OR%20%22Partnerships%20Manager%22%29%20%28Canada%20OR%20Toronto%20OR%20Ontario%29,https://www.linkedin.com/search/results/people/?keywords=%22SprintRay%22%20%22Head%20of%20Growth%22%20OR%20%22Demand%20Generation%22%20OR%20%22Growth%20Marketing%22&origin=GLOBAL_SEARCH_HEADER
dental-ai-2,VideaHealth,B,Meetup,45,no CA office,Head of Growth · Demand Generation · Growth Marketing · Field Marketing · Event Marketing · Community Manager · Partnerships Manager,https://www.google.com/search?q=site%3Alinkedin.com/in%20%22VideaHealth%22%20%28%22Head%20of%20Growth%22%20OR%20%22Demand%20Generation%22%20OR%20%22Growth%20Marketing%22%20OR%20%22Field%20Marketing%22%20OR%20%22Event%20Marketing%22%20OR%20%22Community%20Manager%22%20OR%20%22Partnerships%20Manager%22%29%20%28Canada%20OR%20Toronto%20OR%20Ontario%29,https://www.linkedin.com/search/results/people/?keywords=%22VideaHealth%22%20%22Head%20of%20Growth%22%20OR%20%22Demand%20Generation%22%20OR%20%22Growth%20Marketing%22&origin=GLOBAL_SEARCH_HEADER
poct-2,bioMerieux,B,Dinner,45,no CA office,Industry Marketing · Field Marketing · Brand Marketing · Business Development Director · Head of Marketing · Country Manager,https://www.google.com/search?q=site%3Alinkedin.com/in%20%22bioMerieux%22%20%28%22Industry%20Marketing%22%20OR%20%22Field%20Marketing%22%20OR%20%22Brand%20Marketing%22%20OR%20%22Business%20Development%20Director%22%20OR%20%22Head%20of%20Marketing%22%20OR%20%22Country%20Manager%22%29%20%28Canada%20OR%20Toronto%20OR%20Ontario%29,https://www.linkedin.com/search/results/people/?keywords=%22bioMerieux%22%20%22Industry%20Marketing%22%20OR%20%22Field%20Marketing%22%20OR%20%22Brand%20Marketing%22&origin=GLOBAL_SEARCH_HEADER
plat-0,AWS Canada,C,Dinner,40,Toronto,Industry Marketing · Field Marketing · Brand Marketing · Business Development Director · Head of Marketing · Country Manager,https://www.google.com/search?q=site%3Alinkedin.com/in%20%22AWS%20Canada%22%20%28%22Industry%20Marketing%22%20OR%20%22Field%20Marketing%22%20OR%20%22Brand%20Marketing%22%20OR%20%22Business%20Development%20Director%22%20OR%20%22Head%20of%20Marketing%22%20OR%20%22Country%20Manager%22%29%20%28Canada%20OR%20Toronto%20OR%20Ontario%29,https://www.linkedin.com/search/results/people/?keywords=%22AWS%20Canada%22%20%22Industry%20Marketing%22%20OR%20%22Field%20Marketing%22%20OR%20%22Brand%20Marketing%22&origin=GLOBAL_SEARCH_HEADER
plat-14,Atlassian,C,Dinner,40,Toronto,Industry Marketing · Field Marketing · Brand Marketing · Business Development Director · Head of Marketing · Country Manager,https://www.google.com/search?q=site%3Alinkedin.com/in%20%22Atlassian%22%20%28%22Industry%20Marketing%22%20OR%20%22Field%20Marketing%22%20OR%20%22Brand%20Marketing%22%20OR%20%22Business%20Development%20Director%22%20OR%20%22Head%20of%20Marketing%22%20OR%20%22Country%20Manager%22%29%20%28Canada%20OR%20Toronto%20OR%20Ontario%29,https://www.linkedin.com/search/results/people/?keywords=%22Atlassian%22%20%22Industry%20Marketing%22%20OR%20%22Field%20Marketing%22%20OR%20%22Brand%20Marketing%22&origin=GLOBAL_SEARCH_HEADER
plat-6,Cisco Canada,C,Dinner,40,Toronto,Industry Marketing · Field Marketing · Brand Marketing · Business Development Director · Head of Marketing · Country Manager,https://www.google.com/search?q=site%3Alinkedin.com/in%20%22Cisco%20Canada%22%20%28%22Industry%20Marketing%22%20OR%20%22Field%20Marketing%22%20OR%20%22Brand%20Marketing%22%20OR%20%22Business%20Development%20Director%22%20OR%20%22Head%20of%20Marketing%22%20OR%20%22Country%20Manager%22%29%20%28Canada%20OR%20Toronto%20OR%20Ontario%29,https://www.linkedin.com/search/results/people/?keywords=%22Cisco%20Canada%22%20%22Industry%20Marketing%22%20OR%20%22Field%20Marketing%22%20OR%20%22Brand%20Marketing%22&origin=GLOBAL_SEARCH_HEADER
plat-10,Databricks,C,Dinner,40,Toronto,Industry Marketing · Field Marketing · Brand Marketing · Business Development Director · Head of Marketing · Country Manager,https://www.google.com/search?q=site%3Alinkedin.com/in%20%22Databricks%22%20%28%22Industry%20Marketing%22%20OR%20%22Field%20Marketing%22%20OR%20%22Brand%20Marketing%22%20OR%20%22Business%20Development%20Director%22%20OR%20%22Head%20of%20Marketing%22%20OR%20%22Country%20Manager%22%29%20%28Canada%20OR%20Toronto%20OR%20Ontario%29,https://www.linkedin.com/search/results/people/?keywords=%22Databricks%22%20%22Industry%20Marketing%22%20OR%20%22Field%20Marketing%22%20OR%20%22Brand%20Marketing%22&origin=GLOBAL_SEARCH_HEADER
plat-7,Dell Technologies Canada,C,Dinner,40,Toronto,Industry Marketing · Field Marketing · Brand Marketing · Business Development Director · Head of Marketing · Country Manager,https://www.google.com/search?q=site%3Alinkedin.com/in%20%22Dell%20Technologies%20Canada%22%20%28%22Industry%20Marketing%22%20OR%20%22Field%20Marketing%22%20OR%20%22Brand%20Marketing%22%20OR%20%22Business%20Development%20Director%22%20OR%20%22Head%20of%20Marketing%22%20OR%20%22Country%20Manager%22%29%20%28Canada%20OR%20Toronto%20OR%20Ontario%29,https://www.linkedin.com/search/results/people/?keywords=%22Dell%20Technologies%20Canada%22%20%22Industry%20Marketing%22%20OR%20%22Field%20Marketing%22%20OR%20%22Brand%20Marketing%22&origin=GLOBAL_SEARCH_HEADER
plat-13,Docusign,C,Dinner,40,Toronto,Industry Marketing · Field Marketing · Brand Marketing · Business Development Director · Head of Marketing · Country Manager,https://www.google.com/search?q=site%3Alinkedin.com/in%20%22Docusign%22%20%28%22Industry%20Marketing%22%20OR%20%22Field%20Marketing%22%20OR%20%22Brand%20Marketing%22%20OR%20%22Business%20Development%20Director%22%20OR%20%22Head%20of%20Marketing%22%20OR%20%22Country%20Manager%22%29%20%28Canada%20OR%20Toronto%20OR%20Ontario%29,https://www.linkedin.com/search/results/people/?keywords=%22Docusign%22%20%22Industry%20Marketing%22%20OR%20%22Field%20Marketing%22%20OR%20%22Brand%20Marketing%22&origin=GLOBAL_SEARCH_HEADER
plat-15,Figma,C,Dinner,40,Toronto,Industry Marketing · Field Marketing · Brand Marketing · Business Development Director · Head of Marketing · Country Manager,https://www.google.com/search?q=site%3Alinkedin.com/in%20%22Figma%22%20%28%22Industry%20Marketing%22%20OR%20%22Field%20Marketing%22%20OR%20%22Brand%20Marketing%22%20OR%20%22Business%20Development%20Director%22%20OR%20%22Head%20of%20Marketing%22%20OR%20%22Country%20Manager%22%29%20%28Canada%20OR%20Toronto%20OR%20Ontario%29,https://www.linkedin.com/search/results/people/?keywords=%22Figma%22%20%22Industry%20Marketing%22%20OR%20%22Field%20Marketing%22%20OR%20%22Brand%20Marketing%22&origin=GLOBAL_SEARCH_HEADER
plat-1,Google Cloud Canada,C,Dinner,40,Toronto,Industry Marketing · Field Marketing · Brand Marketing · Business Development Director · Head of Marketing · Country Manager,https://www.google.com/search?q=site%3Alinkedin.com/in%20%22Google%20Cloud%20Canada%22%20%28%22Industry%20Marketing%22%20OR%20%22Field%20Marketing%22%20OR%20%22Brand%20Marketing%22%20OR%20%22Business%20Development%20Director%22%20OR%20%22Head%20of%20Marketing%22%20OR%20%22Country%20Manager%22%29%20%28Canada%20OR%20Toronto%20OR%20Ontario%29,https://www.linkedin.com/search/results/people/?keywords=%22Google%20Cloud%20Canada%22%20%22Industry%20Marketing%22%20OR%20%22Field%20Marketing%22%20OR%20%22Brand%20Marketing%22&origin=GLOBAL_SEARCH_HEADER
dental-dist-0,Henry Schein Canada,C,Dinner,40,no CA office,Industry Marketing · Field Marketing · Brand Marketing · Business Development Director · Head of Marketing · Country Manager,https://www.google.com/search?q=site%3Alinkedin.com/in%20%22Henry%20Schein%20Canada%22%20%28%22Industry%20Marketing%22%20OR%20%22Field%20Marketing%22%20OR%20%22Brand%20Marketing%22%20OR%20%22Business%20Development%20Director%22%20OR%20%22Head%20of%20Marketing%22%20OR%20%22Country%20Manager%22%29%20%28Canada%20OR%20Toronto%20OR%20Ontario%29,https://www.linkedin.com/search/results/people/?keywords=%22Henry%20Schein%20Canada%22%20%22Industry%20Marketing%22%20OR%20%22Field%20Marketing%22%20OR%20%22Brand%20Marketing%22&origin=GLOBAL_SEARCH_HEADER
plat-5,IBM Canada,C,Dinner,40,Toronto,Industry Marketing · Field Marketing · Brand Marketing · Business Development Director · Head of Marketing · Country Manager,https://www.google.com/search?q=site%3Alinkedin.com/in%20%22IBM%20Canada%22%20%28%22Industry%20Marketing%22%20OR%20%22Field%20Marketing%22%20OR%20%22Brand%20Marketing%22%20OR%20%22Business%20Development%20Director%22%20OR%20%22Head%20of%20Marketing%22%20OR%20%22Country%20Manager%22%29%20%28Canada%20OR%20Toronto%20OR%20Ontario%29,https://www.linkedin.com/search/results/people/?keywords=%22IBM%20Canada%22%20%22Industry%20Marketing%22%20OR%20%22Field%20Marketing%22%20OR%20%22Brand%20Marketing%22&origin=GLOBAL_SEARCH_HEADER
plat-16,Notion,C,Dinner,40,Toronto,Industry Marketing · Field Marketing · Brand Marketing · Business Development Director · Head of Marketing · Country Manager,https://www.google.com/search?q=site%3Alinkedin.com/in%20%22Notion%22%20%28%22Industry%20Marketing%22%20OR%20%22Field%20Marketing%22%20OR%20%22Brand%20Marketing%22%20OR%20%22Business%20Development%20Director%22%20OR%20%22Head%20of%20Marketing%22%20OR%20%22Country%20Manager%22%29%20%28Canada%20OR%20Toronto%20OR%20Ontario%29,https://www.linkedin.com/search/results/people/?keywords=%22Notion%22%20%22Industry%20Marketing%22%20OR%20%22Field%20Marketing%22%20OR%20%22Brand%20Marketing%22&origin=GLOBAL_SEARCH_HEADER
plat-8,Nvidia Canada,C,Dinner,40,Toronto,Industry Marketing · Field Marketing · Brand Marketing · Business Development Director · Head of Marketing · Country Manager,https://www.google.com/search?q=site%3Alinkedin.com/in%20%22Nvidia%20Canada%22%20%28%22Industry%20Marketing%22%20OR%20%22Field%20Marketing%22%20OR%20%22Brand%20Marketing%22%20OR%20%22Business%20Development%20Director%22%20OR%20%22Head%20of%20Marketing%22%20OR%20%22Country%20Manager%22%29%20%28Canada%20OR%20Toronto%20OR%20Ontario%29,https://www.linkedin.com/search/results/people/?keywords=%22Nvidia%20Canada%22%20%22Industry%20Marketing%22%20OR%20%22Field%20Marketing%22%20OR%20%22Brand%20Marketing%22&origin=GLOBAL_SEARCH_HEADER
plat-11,Okta,C,Dinner,40,Toronto,Industry Marketing · Field Marketing · Brand Marketing · Business Development Director · Head of Marketing · Country Manager,https://www.google.com/search?q=site%3Alinkedin.com/in%20%22Okta%22%20%28%22Industry%20Marketing%22%20OR%20%22Field%20Marketing%22%20OR%20%22Brand%20Marketing%22%20OR%20%22Business%20Development%20Director%22%20OR%20%22Head%20of%20Marketing%22%20OR%20%22Country%20Manager%22%29%20%28Canada%20OR%20Toronto%20OR%20Ontario%29,https://www.linkedin.com/search/results/people/?keywords=%22Okta%22%20%22Industry%20Marketing%22%20OR%20%22Field%20Marketing%22%20OR%20%22Brand%20Marketing%22&origin=GLOBAL_SEARCH_HEADER
plat-19,OpenText,C,Dinner,40,Toronto,Industry Marketing · Field Marketing · Brand Marketing · Business Development Director · Head of Marketing · Country Manager,https://www.google.com/search?q=site%3Alinkedin.com/in%20%22OpenText%22%20%28%22Industry%20Marketing%22%20OR%20%22Field%20Marketing%22%20OR%20%22Brand%20Marketing%22%20OR%20%22Business%20Development%20Director%22%20OR%20%22Head%20of%20Marketing%22%20OR%20%22Country%20Manager%22%29%20%28Canada%20OR%20Toronto%20OR%20Ontario%29,https://www.linkedin.com/search/results/people/?keywords=%22OpenText%22%20%22Industry%20Marketing%22%20OR%20%22Field%20Marketing%22%20OR%20%22Brand%20Marketing%22&origin=GLOBAL_SEARCH_HEADER
dental-dist-1,Patterson Dental Canada,C,Dinner,40,no CA office,Industry Marketing · Field Marketing · Brand Marketing · Business Development Director · Head of Marketing · Country Manager,https://www.google.com/search?q=site%3Alinkedin.com/in%20%22Patterson%20Dental%20Canada%22%20%28%22Industry%20Marketing%22%20OR%20%22Field%20Marketing%22%20OR%20%22Brand%20Marketing%22%20OR%20%22Business%20Development%20Director%22%20OR%20%22Head%20of%20Marketing%22%20OR%20%22Country%20Manager%22%29%20%28Canada%20OR%20Toronto%20OR%20Ontario%29,https://www.linkedin.com/search/results/people/?keywords=%22Patterson%20Dental%20Canada%22%20%22Industry%20Marketing%22%20OR%20%22Field%20Marketing%22%20OR%20%22Brand%20Marketing%22&origin=GLOBAL_SEARCH_HEADER
plat-4,SAP Canada,C,Dinner,40,Toronto,Industry Marketing · Field Marketing · Brand Marketing · Business Development Director · Head of Marketing · Country Manager,https://www.google.com/search?q=site%3Alinkedin.com/in%20%22SAP%20Canada%22%20%28%22Industry%20Marketing%22%20OR%20%22Field%20Marketing%22%20OR%20%22Brand%20Marketing%22%20OR%20%22Business%20Development%20Director%22%20OR%20%22Head%20of%20Marketing%22%20OR%20%22Country%20Manager%22%29%20%28Canada%20OR%20Toronto%20OR%20Ontario%29,https://www.linkedin.com/search/results/people/?keywords=%22SAP%20Canada%22%20%22Industry%20Marketing%22%20OR%20%22Field%20Marketing%22%20OR%20%22Brand%20Marketing%22&origin=GLOBAL_SEARCH_HEADER
plat-2,Salesforce Canada,C,Dinner,40,Toronto,Industry Marketing · Field Marketing · Brand Marketing · Business Development Director · Head of Marketing · Country Manager,https://www.google.com/search?q=site%3Alinkedin.com/in%20%22Salesforce%20Canada%22%20%28%22Industry%20Marketing%22%20OR%20%22Field%20Marketing%22%20OR%20%22Brand%20Marketing%22%20OR%20%22Business%20Development%20Director%22%20OR%20%22Head%20of%20Marketing%22%20OR%20%22Country%20Manager%22%29%20%28Canada%20OR%20Toronto%20OR%20Ontario%29,https://www.linkedin.com/search/results/people/?keywords=%22Salesforce%20Canada%22%20%22Industry%20Marketing%22%20OR%20%22Field%20Marketing%22%20OR%20%22Brand%20Marketing%22&origin=GLOBAL_SEARCH_HEADER
plat-3,ServiceNow Canada,C,Dinner,40,Toronto,Industry Marketing · Field Marketing · Brand Marketing · Business Development Director · Head of Marketing · Country Manager,https://www.google.com/search?q=site%3Alinkedin.com/in%20%22ServiceNow%20Canada%22%20%28%22Industry%20Marketing%22%20OR%20%22Field%20Marketing%22%20OR%20%22Brand%20Marketing%22%20OR%20%22Business%20Development%20Director%22%20OR%20%22Head%20of%20Marketing%22%20OR%20%22Country%20Manager%22%29%20%28Canada%20OR%20Toronto%20OR%20Ontario%29,https://www.linkedin.com/search/results/people/?keywords=%22ServiceNow%20Canada%22%20%22Industry%20Marketing%22%20OR%20%22Field%20Marketing%22%20OR%20%22Brand%20Marketing%22&origin=GLOBAL_SEARCH_HEADER
dental-dist-2,Sinclair Dental,C,Dinner,40,no CA office,Industry Marketing · Field Marketing · Brand Marketing · Business Development Director · Head of Marketing · Country Manager,https://www.google.com/search?q=site%3Alinkedin.com/in%20%22Sinclair%20Dental%22%20%28%22Industry%20Marketing%22%20OR%20%22Field%20Marketing%22%20OR%20%22Brand%20Marketing%22%20OR%20%22Business%20Development%20Director%22%20OR%20%22Head%20of%20Marketing%22%20OR%20%22Country%20Manager%22%29%20%28Canada%20OR%20Toronto%20OR%20Ontario%29,https://www.linkedin.com/search/results/people/?keywords=%22Sinclair%20Dental%22%20%22Industry%20Marketing%22%20OR%20%22Field%20Marketing%22%20OR%20%22Brand%20Marketing%22&origin=GLOBAL_SEARCH_HEADER
plat-9,Snowflake,C,Dinner,40,Toronto,Industry Marketing · Field Marketing · Brand Marketing · Business Development Director · Head of Marketing · Country Manager,https://www.google.com/search?q=site%3Alinkedin.com/in%20%22Snowflake%22%20%28%22Industry%20Marketing%22%20OR%20%22Field%20Marketing%22%20OR%20%22Brand%20Marketing%22%20OR%20%22Business%20Development%20Director%22%20OR%20%22Head%20of%20Marketing%22%20OR%20%22Country%20Manager%22%29%20%28Canada%20OR%20Toronto%20OR%20Ontario%29,https://www.linkedin.com/search/results/people/?keywords=%22Snowflake%22%20%22Industry%20Marketing%22%20OR%20%22Field%20Marketing%22%20OR%20%22Brand%20Marketing%22&origin=GLOBAL_SEARCH_HEADER
plat-18,Thomson Reuters,C,Dinner,40,Toronto,Industry Marketing · Field Marketing · Brand Marketing · Business Development Director · Head of Marketing · Country Manager,https://www.google.com/search?q=site%3Alinkedin.com/in%20%22Thomson%20Reuters%22%20%28%22Industry%20Marketing%22%20OR%20%22Field%20Marketing%22%20OR%20%22Brand%20Marketing%22%20OR%20%22Business%20Development%20Director%22%20OR%20%22Head%20of%20Marketing%22%20OR%20%22Country%20Manager%22%29%20%28Canada%20OR%20Toronto%20OR%20Ontario%29,https://www.linkedin.com/search/results/people/?keywords=%22Thomson%20Reuters%22%20%22Industry%20Marketing%22%20OR%20%22Field%20Marketing%22%20OR%20%22Brand%20Marketing%22&origin=GLOBAL_SEARCH_HEADER
plat-17,Twilio,C,Dinner,40,Toronto,Industry Marketing · Field Marketing · Brand Marketing · Business Development Director · Head of Marketing · Country Manager,https://www.google.com/search?q=site%3Alinkedin.com/in%20%22Twilio%22%20%28%22Industry%20Marketing%22%20OR%20%22Field%20Marketing%22%20OR%20%22Brand%20Marketing%22%20OR%20%22Business%20Development%20Director%22%20OR%20%22Head%20of%20Marketing%22%20OR%20%22Country%20Manager%22%29%20%28Canada%20OR%20Toronto%20OR%20Ontario%29,https://www.linkedin.com/search/results/people/?keywords=%22Twilio%22%20%22Industry%20Marketing%22%20OR%20%22Field%20Marketing%22%20OR%20%22Brand%20Marketing%22&origin=GLOBAL_SEARCH_HEADER
plat-12,Zoom,C,Dinner,40,Toronto,Industry Marketing · Field Marketing · Brand Marketing · Business Development Director · Head of Marketing · Country Manager,https://www.google.com/search?q=site%3Alinkedin.com/in%20%22Zoom%22%20%28%22Industry%20Marketing%22%20OR%20%22Field%20Marketing%22%20OR%20%22Brand%20Marketing%22%20OR%20%22Business%20Development%20Director%22%20OR%20%22Head%20of%20Marketing%22%20OR%20%22Country%20Manager%22%29%20%28Canada%20OR%20Toronto%20OR%20Ontario%29,https://www.linkedin.com/search/results/people/?keywords=%22Zoom%22%20%22Industry%20Marketing%22%20OR%20%22Field%20Marketing%22%20OR%20%22Brand%20Marketing%22&origin=GLOBAL_SEARCH_HEADER
