company_id,company,name,title,city,linkedin,confidence,found_via,source,verify_before_contact
pharm-medessist,MedEssist,Joella Almeida,CEO and Co-founder,Toronto,search linkedin.com/in,high,web research 2026-08-05,https://entrepreneurs.utoronto.ca/medessist-ceo-joella-almeida-on-community-pharmacies-shopify-and-health-care-privatization-toronto-star-2/,confirm title still current
pharm-medessist,MedEssist,Michael Do,CTO and Co-founder,Toronto,search linkedin.com/in,high,web research 2026-08-05,https://alumni.utoronto.ca/news/place-modernize-pharmacies-alumni-startup-medessist,practising pharmacist. Strong clinical credibility angle
pharm-mapflow,MAPflow,Dr. Nardine Nakhla,Co-founder and CEO,Ontario (U Waterloo lecturer),search linkedin.com/in,high,web research 2026-08-05,https://canadianhealthcarenetwork.ca/meet-pharmacy-practice-business-award-winner-business-innovation-mapflows-dr-nardine-nakhla,"Sat on OCP Minor Ailments Advisory Group. Co-owns a Scarborough pharmacy"
pharm-mapflow,MAPflow,Andrea Edginton,COO and Hallman Director,Waterloo,search linkedin.com/in,medium,web research 2026-08-05,https://uwaterloo.ca/news/global-futures/mapflow-helps-pharmacists-provide-exceptional-health-care,
pharm-mapflow,MAPflow,Michael Sevestre,Co-founder and CTO,Waterloo,search linkedin.com/in,medium,web research 2026-08-05,https://mapflow.ca/about-us,
plat-microsoft,Microsoft Canada,Peter Jones,Healthcare Industry Lead,Canada,search linkedin.com/in,medium,web research 2026-08-05,https://technationcanada.ca/en/events/microsofts-next-in-health/,VERIFY. Surfaced in a search summary not a primary page
scaleup-0,PointClickCare,Annie McBride,Chief Marketing Officer,Mississauga,search linkedin.com/in,low,web research 2026-08-05,https://pointclickcare.com/press-releases/pointclickcare-announces-chief-marketing-officer-annie-mcbride/,VERIFY. Appointed June 2022 and a 2026 source hints at a change
rehab-0,Jane App,Chris Gardner,Head of Partnerships,North Vancouver,search linkedin.com/in,medium,web research 2026-08-05,https://jane.app/careers/cde4deb8-bec4-4c4f-a84e-0f122d989825/ambassador-program-specialist,Joined to scale how Jane connects with practitioner communities
rehab-0,Jane App,Trevor Johnston,Co-founder and Co-CEO,North Vancouver,search linkedin.com/in,medium,web research 2026-08-05,https://www.highperformr.ai/company/janeapp,Too senior for a first call. Use only if the partnerships path stalls
