linkedin_url,full_name,first_name,title,company_id,company,city,country,email,email_status,seniority,owns_budget,product_fit,team_size,role_started,tenure_months,previous_company,company_trigger,hiring_signal,recent_post_topic,recent_post_url,stated_problem,spoke_at,ran_event,published,mutual_connections,shared_context,status,channel,first_contact,last_contact,opener_used,reply,next_action,next_action_date,source,scraped_at,confidence,verify_before_contact,evidence
,Joella Almeida,Joella,CEO and Co-founder,pharm-medessist,MedEssist,Toronto,Canada,,unknown,founder,yes,meetup,,,,,Ontario minor ailments 19 to 28 on 1 Jul 2026; 6 new funded vaccines,,,,,,,,,,researching,,,,,,,,web-research,2026-08-05,high,confirm title still current,https://entrepreneurs.utoronto.ca/medessist-ceo-joella-almeida-on-community-pharmacies-shopify-and-health-care-privatization-toronto-star-2/
,Michael Do,Michael,CTO and Co-founder,pharm-medessist,MedEssist,Toronto,Canada,,unknown,founder,yes,meetup,,,,,Ontario minor ailments 19 to 28 on 1 Jul 2026; 6 new funded vaccines,,,,,,,,,,researching,,,,,,,,web-research,2026-08-05,high,practising pharmacist. Strong clinical credibility angle,https://alumni.utoronto.ca/news/place-modernize-pharmacies-alumni-startup-medessist
,Dr. Nardine Nakhla,Nakhla,Co-founder and CEO,pharm-mapflow,MAPflow,Ontario (U Waterloo lecturer),Canada,,unknown,founder,yes,meetup,,,,,Ontario minor ailments 19 to 28 on 1 Jul 2026; 6 new funded vaccines,,,,,,,,,,researching,,,,,,,,web-research,2026-08-05,high,Sat on OCP Minor Ailments Advisory Group. Co-owns a Scarborough pharmacy,https://canadianhealthcarenetwork.ca/meet-pharmacy-practice-business-award-winner-business-innovation-mapflows-dr-nardine-nakhla
,Andrea Edginton,Andrea,COO and Hallman Director,pharm-mapflow,MAPflow,Waterloo,Canada,,unknown,director,unknown,meetup,,,,,Ontario minor ailments 19 to 28 on 1 Jul 2026; 6 new funded vaccines,,,,,,,,,,researching,,,,,,,,web-research,2026-08-05,medium,,https://uwaterloo.ca/news/global-futures/mapflow-helps-pharmacists-provide-exceptional-health-care
,Michael Sevestre,Michael,Co-founder and CTO,pharm-mapflow,MAPflow,Waterloo,Canada,,unknown,founder,yes,meetup,,,,,Ontario minor ailments 19 to 28 on 1 Jul 2026; 6 new funded vaccines,,,,,,,,,,researching,,,,,,,,web-research,2026-08-05,medium,,https://mapflow.ca/about-us
,Peter Jones,Peter,Healthcare Industry Lead,plat-microsoft,Microsoft Canada,Canada,Canada,,unknown,manager,unknown,convening,,,,,,,,,,,,,,,researching,,,,,,,,web-research,2026-08-05,medium,VERIFY. Surfaced in a search summary not a primary page,https://technationcanada.ca/en/events/microsofts-next-in-health/
,Annie McBride,Annie,Chief Marketing Officer,scaleup-0,PointClickCare,Mississauga,Canada,,unknown,c-level,yes,meetup,,,,,,,,,,,,,,,researching,,,,,,,,web-research,2026-08-05,low,VERIFY. Appointed June 2022 and a 2026 source hints at a change,https://pointclickcare.com/press-releases/pointclickcare-announces-chief-marketing-officer-annie-mcbride/
,Chris Gardner,Chris,Head of Partnerships,rehab-0,Jane App,North Vancouver,Canada,,unknown,partner,yes,meetup,,,,,,,,,,,,,,,researching,,,,,,,,web-research,2026-08-05,medium,Joined to scale how Jane connects with practitioner communities,https://jane.app/careers/cde4deb8-bec4-4c4f-a84e-0f122d989825/ambassador-program-specialist
,Trevor Johnston,Trevor,Co-founder and Co-CEO,rehab-0,Jane App,North Vancouver,Canada,,unknown,founder,yes,meetup,,,,,,,,,,,,,,,researching,,,,,,,,web-research,2026-08-05,medium,Too senior for a first call. Use only if the partnerships path stalls,https://www.highperformr.ai/company/janeapp
